tconst,title,year,revenue,spotify_album_id,spotify_album_name,spotify_album_year,match_score,album_popularity,avg_track_popularity,sum_track_popularity,n_tracks,album_length_ms,album_length_min,album_artists
tt1300854,Iron Man 3,2013,1215577205.0,7x6etI9jQ2ePxZUOQaPrbi,Iron Man 3 (Original Motion Picture Soundtrack),2013,127.0,45,23.45,469,20,4547046,75.7841,{'Brian Tyler'}
tt0458339,Captain America: The First Avenger,2011,370569774.0,0La1Tskamjd6akysepE8r5,Captain America: The First Avenger,2011,112.0,41,20.923076923076923,544,26,4281365,71.35608333333333,{'Various Artists'}
tt1386697,Suicide Squad,2016,746846894.0,0C8fz2LJQotVr0SZNta8H6,Suicide Squad (Original Motion Picture Score),2016,127.0,18,5.433333333333334,163,30,5628819,93.81365,{'Steven Price'}
tt0800369,Thor,2011,449326618.0,3OCSaoAx2IdkeUtd4T5cuS,Thor OST,2011,127.0,22,8.041666666666666,193,24,4323991,72.06651666666667,{'Patrick Doyle'}
tt1228705,Iron Man 2,2010,623933331.0,6bnGdcfwPDRSkj6H8GcbAh,Original Motion Picture Score Iron Man 2,2010,127.0,30,14.84,371,25,4334539,72.24231666666667,{'John Debney'}
tt0369610,Jurassic World,2015,1671537444.0,2pqi0hewWOKo9uDVLpCVoh,Jurassic World (Original Motion Picture Soundtrack),2015,127.0,46,28.791666666666668,691,24,4622442,77.0407,{'Michael Giacchino'}
tt2975590,Batman v Superman: Dawn of Justice,2016,873637528.0,4PAHIwIasrswKSU5KDzROJ,Batman v Superman: Dawn of Justice (Original Motion Picture Soundtrack),2016,127.0,41,28.055555555555557,505,18,5469407,91.15678333333334,"{'Hans Zimmer, Junkie XL'}"
tt1981115,Thor: The Dark World,2013,644783140.0,2dTEXpN7fg9cJPKCCyDJ1y,Thor: The Dark World (Original Motion Picture Soundtrack),2013,127.0,43,21.692307692307693,564,26,4645633,77.42721666666667,{'Brian Tyler'}
tt0948470,The Amazing Spider-Man,2012,757930663.0,60IT8AganbZfiCpoJbiEnU,The Amazing Spider-Man (Music from the Motion Picture),2012,127.0,43,28.25,565,20,4623180,77.053,{'James Horner'}
tt2872732,Lucy,2014,458863600.0,2jL7FNyHZoNIrgVPK8N4Jl,Lucy (Original Motion Picture Soundtrack),2014,127.0,32,13.96875,447,32,3763447,62.72411666666667,{'Éric Serra'}
tt2771200,Beauty and the Beast,2017,1266115964.0,3AhP76AusdcJ9sZ4XgUcEc,Beauty and the Beast (Original Motion Picture Soundtrack/Deluxe Edition),2017,127.0,64,34.51923076923077,1795,52,7915777,131.92961666666667,{'Various Artists'}
tt1951265,The Hunger Games: Mockingjay - Part 1,2014,755356711.0,44qAUS0siEj2plisdS25xw,The Hunger Games: Mockingjay Pt. 1 (Original Motion Picture Score),2014,116.55223880597015,59,28.73913043478261,661,23,4186739,69.77898333333333,{'James Newton Howard'}
tt1270797,Venom,2018,856085151.0,25zSh5FAL8kUh8z7ivwBH6,Venom (Music From The Motion Picture),2018,127.0,56,67.0,67,1,269573,4.492883333333333,{'Eminem'}
tt4154664,Captain Marvel,2019,1131416446.0,7JkLtKFArRIE47ungawDy0,Captain Marvel (Original Motion Picture Soundtrack),2019,127.0,37,18.82608695652174,433,23,4056394,67.60656666666667,{'Pinar Toprak'}
tt0816711,World War Z,2013,531865000.0,0TLbACzeu0sdkpQ32OT9zL,World War Z (Music from the Motion Picture),2013,127.0,22,14.454545454545455,159,11,2654515,44.24191666666667,{'Marco Beltrami'}
tt2527336,Star Wars: The Last Jedi,2017,1332698830.0,0LhcWlgnpCVHqOVFZFuoPX,Star Wars: The Last Jedi (Original Motion Picture Soundtrack),2017,127.0,39,27.6,552,20,4658435,77.64058333333334,{'John Williams'}
tt0770828,Man of Steel,2013,668045518.0,2rgInD5nZNONheZwqir4Xg,Man of Steel (Original Motion Picture Soundtrack),2013,127.0,57,42.94444444444444,773,18,5272663,87.87771666666667,{'Hans Zimmer'}
tt0120915,Star Wars: Episode I - The Phantom Menace,1999,924317558.0,45EFycwtfRhnDPWbc2mClK,Star Wars: The Phantom Menace (Original Motion Picture Soundtrack),1999,109.85714285714286,53,35.23529411764706,599,17,4437981,73.96635,{'John Williams'}
tt1014759,Alice in Wonderland,2010,1025467110.0,5HMO5EarX3jCAKGDVHLDgc,Alice in Wonderland Original Soundtrack,1967,115.0,21,8.347826086956522,192,23,3353258,55.88763333333333,{'The Cast of Alice in Wonderland'}
tt1298650,Pirates of the Caribbean: On Stranger Tides,2011,1045713802.0,2RkWo1xomg2mBR8ydABsab,Pirates of the Caribbean: On Stranger Tides,2011,112.0,51,35.22222222222222,634,18,4641889,77.36481666666667,{'Various Artists'}
tt0413300,Spider-Man 3,2007,894983373.0,1vs7ENhgYEagHXYbVTQJyt,Young Innocence (From The Amazing Spider-Man 3 Original Soundtrack),2022,115.0,0,1.0,1,1,214703,3.5783833333333335,{'Matthew Thomson'}
tt1477834,Aquaman,2018,1148528393.0,0LbBu7ge5bkDeI17ozc174,Aquaman (Original Motion Picture Soundtrack) [Deluxe Edition],2019,127.0,48,20.548387096774192,637,31,6052130,100.86883333333333,{'Rupert Gregson-Williams'}
tt0317219,Cars,2006,461983149.0,3Xiz5kq12VOzTw9Kun7m0f,Cars (Original Motion Picture Soundtrack),2006,127.0,68,39.6,792,20,3135193,52.25321666666667,{'Various Artists'}
tt2283362,Jumanji: Welcome to the Jungle,2017,995339117.0,1viLyjmjrAeXtPPkPh7eiR,Jumanji: Welcome to the Jungle (Original Motion Picture Soundtrack),2017,127.0,24,10.10344827586207,293,29,3639510,60.6585,{'Henry Jackman'}
tt1099212,Twilight,2008,393616788.0,2PDlvc7K51qC4Bkali3q0R,The Twilight Saga: New Moon (Original Motion Picture Soundtrack),2009,127.0,65,37.733333333333334,566,15,3449315,57.48858333333333,{'Various Artists'}
tt5095030,Ant-Man and the Wasp,2018,622674139.0,6xXdJOLhPTwoYzQU28zeih,Ant-Man and The Wasp (Original Motion Picture Soundtrack),2018,115.88888888888889,27,10.56,264,25,3370802,56.180033333333334,{'Christophe Beck'}
tt1355644,Passengers,2016,303144152.0,2smWQvJn9iIdStfXgX96rs,Passengers (Original Motion Picture Soundtrack),2016,127.0,38,22.73076923076923,591,26,4124297,68.73828333333333,{'Thomas Newman'}
tt1872181,The Amazing Spider-Man 2,2014,708962323.0,2frlfPpDjHfemIPVNGAg7a,It's On Again (feat. Kendrick Lamar) [From The Amazing Spider-Man 2 Soundtrack],2014,127.0,54,60.0,120,2,424695,7.07825,{'Alicia Keys'}
tt0121765,Star Wars: Episode II - Attack of the Clones,2002,649398328.0,5BFXjhGmJq8sOOTZKS980f,Star Wars Episode II: Attack of the Clones (Original Motion Picture Soundtrack),2002,112.71428571428571,0,0.07142857142857142,1,14,4600900,76.68166666666667,"{'John Williams, Various Artists'}"
tt0974015,Justice League,2017,657926987.0,3aQNN5zuOmA20K0CNlI1O7,Justice League (Original Motion Picture Soundtrack),2017,127.0,49,13.74074074074074,371,27,6093457,101.55761666666666,{'Danny Elfman'}
tt3385516,X-Men: Apocalypse,2016,543934787.0,3e8bvsLELZf77awaGKWcCp,X-Men: Apocalypse (Original Motion Picture Soundtrack),2016,127.0,34,15.92,398,25,4578030,76.3005,{'John Ottman'}
tt1840309,Divergent,2014,288885818.0,548INUScxxNxqzTfDtFPyT,Divergent,2014,112.0,0,0.0,0,1,375075,6.25125,{'Retza'}
tt1663662,Pacific Rim,2013,411002906.0,0gJWChOVkVRgZCK09irLOk,Pacific Rim (Original Motion Picture Soundtrack),2013,127.0,50,31.26923076923077,813,26,3703403,61.72338333333333,{'Ramin Djawadi'}
tt1951266,The Hunger Games: Mockingjay - Part 2,2015,653428261.0,3a0RwfCB9NRoS6RcNAU9eK,"The Hunger Games: Mockingjay, Part 2 (Original Motion Picture Soundtrack)",2015,105.68852459016394,41,23.63157894736842,449,19,4418901,73.64835,{'James Newton Howard'}
tt1637725,Ted,2012,549368315.0,5USNWnvRSYMdG7CUVhG1B0,Ted Lasso: Season 1 (Apple TV+ Original Series Soundtrack),2020,115.0,38,22.454545454545453,494,22,2262350,37.70583333333333,"{'Marcus Mumford, Tom Howe'}"
tt1190080,2012,2009,791217826.0,0P9vPVo5zv5DcRLxJINQDC,2012 The Soundtrack,2009,127.0,0,0.0,0,19,4481839,74.69731666666667,{'Various Artists'}
tt1446714,Prometheus,2012,403354469.0,5xK1U0D8AZYOlD6zjlcieD,The Love Prometheus (Original Motion Picture Soundtrack),2013,127.0,0,0.0,0,8,739993,12.333216666666667,{'Ryan McTear'}
tt1790809,Pirates of the Caribbean: Dead Men Tell No Tales,2017,795922298.0,4AODHfxPGTDLHyAyMWQi52,Pirates of the Caribbean: Dead Men Tell No Tales (Original Motion Picture Soundtrack),2017,127.0,49,36.333333333333336,654,18,4511794,75.19656666666667,{'Geoff Zanelli'}
tt2322441,Fifty Shades of Grey,2015,571006128.0,4gnEi23PFBwHXT9rMqTsN5,Fifty Shades Of Grey (Original Motion Picture Soundtrack),2015,118.89189189189189,61,43.6,654,15,3500983,58.349716666666666,{'Various Artists'}
tt0800080,The Incredible Hulk,2008,163712074.0,5x0CWYcRc6ek2M8W218T6G,The Incredible Hulk,2008,112.0,34,14.0,630,45,6675840,111.264,{'Craig Armstrong'}
tt0343818,"I, Robot",2004,347234916.0,7oVypKxRoi34vtlE5Pmdql,"I, Robot (Original Motion Picture Soundtrack)",2004,127.0,17,8.666666666666666,130,15,2649395,44.15658333333333,{'Marco Beltrami'}
tt1637688,In Time,2011,173930596.0,3yYvwII5bI7MZ2sVog0pUc,In Time (Original Motion Picture Score),2011,127.0,21,8.08,202,25,2712845,45.214083333333335,{'Craig Armstrong'}
tt0120903,X-Men,2000,296339527.0,4RfbvV1HIESjWCdFm24O9i,X-Men (Original Motion Picture Soundtrack),2000,127.0,18,10.416666666666666,125,12,2429491,40.49151666666667,"{'Michael Kamen, The LA Allstar Orchestra'}"
tt1690953,Despicable Me 2,2013,970761885.0,3xU6u2UadKV6gHjlXdJvqZ,Despicable Me 2 (Original Motion Picture Soundtrack),2013,127.0,61,29.916666666666668,718,24,3694954,61.582566666666665,{'Various Artists'}
tt0418279,Transformers,2007,709709780.0,6UrkcU0NjFoaY1zcZMfz4H,Transformers One (Music from the Motion Picture),2024,115.0,37,23.0,621,27,5126873,85.44788333333334,{'Brian Tyler'}
tt4881806,Jurassic World: Fallen Kingdom,2018,1310466296.0,4QdQejRJ9RjuqaI7NcduJd,Jurassic World: Fallen Kingdom (Original Motion Picture Soundtrack) [Deluxe Edition],2018,127.0,35,21.307692307692307,554,26,4802819,80.04698333333333,{'Michael Giacchino'}
tt4123430,Fantastic Beasts: The Crimes of Grindelwald,2018,654855901.0,7mDpXJGHtrcsy0SgtYTPXI,Fantastic Beasts and Where to Find Them / Fantastic Beasts: The Crimes of Grindelwald Soundtracks for Piano,2019,127.0,3,1.2,12,10,1474300,24.571666666666665,{'daigoro789'}
tt3110958,Now You See Me 2,2016,334901337.0,28ezsQ65DME0kZPGeeagHF,Now You See Me 2 (Original Motion Picture Soundtrack),2016,127.0,28,11.958333333333334,287,24,4658125,77.63541666666667,{'Brian Tyler'}
tt0351283,Madagascar,2005,542063846.0,7cDEqhpPBkKT7G4xRPkwSn,Madagascar (Original Motion Picture Soundtrack),2005,127.0,27,9.333333333333334,112,12,1884665,31.411083333333334,{'Various Artists'}
tt1905041,Fast & Furious 6,2013,788680968.0,705uqFCYYJxFPH4s88mgQ6,We Own It (Tribute to Wiz Khalifa & 2 Chainz & Fast & Furious 6 Soundtrack),2013,127.0,0,3.0,3,1,228205,3.8034166666666667,{'Groove Hitz'}
tt1483013,Oblivion,2013,286168572.0,5O5pnKHDJrwvL6w9Ne1mka,Oblivion (Original Motion Picture Soundtrack),2013,127.0,55,38.470588235294116,654,17,4155333,69.25555,{'M83'}
tt0315327,Bruce Almighty,2003,484592874.0,7srrd9t8TF4BfDrSeRhElA,Bruce Almighty (Original Motion Picture Soundtrack),2003,127.0,7,5.833333333333333,35,6,915104,15.251733333333334,{'John Debney'}
tt2293640,Minions,2015,1156730962.0,5AUaqhd50uf80bWumH9HFr,Minions (Original Motion Picture Soundtrack),2015,127.0,56,22.90625,733,32,4048489,67.47481666666667,{'Various Artists'}
tt2379713,Spectre,2015,880674609.0,6EB2m0JP7libPTesn4kT2Z,Spectre (Original Motion Picture Soundtrack),2015,127.0,38,23.96153846153846,623,26,4780698,79.6783,{'Thomas Newman'}
tt0458525,X-Men Origins: Wolverine,2009,373062864.0,0lFOWhv18EjP9SB1rGxSBm,X-Men Origins: Wolverine (Original Motion Picture Soundtrack),2009,127.0,26,13.857142857142858,194,14,2728474,45.47456666666667,{'Harry Gregson-Williams'}
tt1411697,The Hangover Part II,2011,586764305.0,6nalAgWkfHtqQ2qRH5c5Et,מה נותר מאלה,2012,24.5,38,27.6,276,10,4364143,72.73571666666666,{'The Revivo Project'}
tt4630562,The Fate of the Furious,2017,1236005118.0,4x9DBPsyofI90mlnWAlPvj,The Fate of the Furious (Original Motion Picture Score),2017,127.0,23,11.071428571428571,310,28,4610417,76.84028333333333,{'Brian Tyler'}
tt3731562,Kong: Skull Island,2017,566652812.0,2yj8ja4wsPAk79O6DckVhL,Kong: Skull Island (Original Motion Picture Soundtrack),2017,127.0,20,9.0,216,24,3417150,56.9525,{'Henry Jackman'}
tt1409024,Men in Black 3,2012,624026776.0,1MFTbr1wmD3VHLZZB13uqb,Men in Black 3 (Original Motion Picture Soundtrack),2012,127.0,12,4.0,88,22,3227580,53.793,{'Danny Elfman'}
tt4046784,Maze Runner: The Scorch Trials,2015,312296056.0,4s3iIUBQj1d2i1lT76A4IN,Maze Runner - The Scorch Trials (Original Motion Picture Soundtrack),2015,111.61538461538461,25,13.714285714285714,288,21,4571421,76.19035,{'John Paesano'}
tt1232829,21 Jump Street,2012,201585328.0,5zT3850lOZXVzpcH56FM3Y,21 Jump Street (Original Motion Picture Score),2014,121.0,10,3.2777777777777777,59,18,2248375,37.47291666666667,{'Mark Mothersbaugh'}
tt1276104,Looper,2012,47042000.0,5agtjIi8N9Eklm32TC8pa8,Looper (Original Motion Picture Soundtrack),2012,127.0,31,9.789473684210526,186,19,2907871,48.46451666666667,{'Nathan Johnson'}
tt0356910,Mr. & Mrs. Smith,2005,487287646.0,0gTlisuKFUHC6rPYMT6usl,Mr. & Mrs. Smith (Original Motion Picture Score),2005,127.0,25,10.31578947368421,196,19,2642754,44.0459,{'John Powell'}
tt4649466,Kingsman: The Golden Circle,2017,410902662.0,77dpznYouiYsKpKirLb49p,Kingsman: The Golden Circle (Original Motion Picture Score),2017,127.0,35,17.68,442,25,4584938,76.41563333333333,"{'Henry Jackman, Matthew Margeson'}"
tt0477347,Night at the Museum,2006,574480841.0,6lJhTNuDYruqRzMePthIpL,Night At The Museum (Original Motion Picture Soundtrack),2006,104.41935483870968,35,12.542857142857143,439,35,3215428,53.590466666666664,{'Alan Silvestri'}
tt2908446,Insurgent,2015,297002527.0,1uiKBexNK0pTYbsmjGk683,Insurgent (Original Motion Picture Soundtrack),2015,127.0,36,21.375,171,8,1976969,32.94948333333333,{'Various Artists'}
tt1935859,Miss Peregrine's Home for Peculiar Children,2016,296482446.0,69dF0EZ2r7XdymZlVkPABu,Miss Peregrine's Home for Peculiar Children (Original Motion Picture Score),2016,127.0,33,18.095238095238095,380,21,4221391,70.35651666666666,"{'Mike Higham, Matthew Margeson'}"
tt0110475,The Mask,1994,351583407.0,5cBuyHhRz9LIlHMKWSZsrt,The Mask of Zorro - Music from the Motion Picture,1998,115.0,39,25.923076923076923,337,13,4489582,74.82636666666667,{'James Horner'}
tt3402236,Murder on the Orient Express,2017,352794081.0,6s9Ul1tQZTBQc3yQ6C9s3j,Murder on the Orient Express (Original Motion Picture Soundtrack),2017,127.0,35,20.5,492,24,3416884,56.94806666666667,{'Patrick Doyle'}
tt0120912,Men in Black II,2002,445135288.0,1vCMgqW9YzyAXLMPfwCQ7g,Men In Black II - Music From The Motion Picture,2002,115.88888888888889,25,1.85,37,20,3209166,53.4861,{'Danny Elfman'}
tt0232500,The Fast and the Furious,2001,207283925.0,7b1Za3lJeLs6rOSi6a5wqf,The Fast and The Furious,2001,112.0,53,30.823529411764707,524,17,4339261,72.32101666666667,{'Various Artists'}
tt7097896,Venom: Let There Be Carnage,2021,506863592.0,5uhuNTf3blfaSexmqLJlZB,Venom: Let There Be Carnage (Original Motion Picture Soundtrack),2021,127.0,21,8.166666666666666,245,30,4079430,67.9905,{'Marco Beltrami'}
tt0242653,The Matrix Revolutions,2003,424988211.0,1KmaRPK3C2y8Z8SbKgmJxV,Matrix Revolutions: The Motion Picture Soundtrack (U.S. Version),2003,89.5,36,22.375,358,16,3808089,63.46815,{'Various Artists'}
tt0438097,Ice Age: The Meltdown,2006,660998756.0,5ioofsYWPJb5tIfIlPAOIh,Ice Age: The Meltdown (Original Motion Picture Soundtrack),2006,127.0,43,18.71875,599,32,3793741,63.229016666666666,{'John Powell'}
tt2527338,Star Wars: The Rise of Skywalker,2019,1074144248.0,26pelVOow8ODvBktJbDiua,Star Wars: The Rise of Skywalker (Original Motion Picture Soundtrack),2019,127.0,40,28.57894736842105,543,19,4601299,76.68831666666667,{'John Williams'}
tt0376994,X-Men: The Last Stand,2006,459359555.0,6pSBvk9DB7m8XIJLwXcTc3,X-Men: The Last Stand (Original Motion Picture Soundtrack),2006,127.0,24,10.11111111111111,273,27,3698767,61.646116666666664,{'John Powell'}
tt1430132,The Wolverine,2013,415440673.0,1i2cUwYk5AcfHSHHeMcq3m,"The Wolverine (Where To? - Theme from ""The Wolverine"" Soundtrack)",2013,127.0,4,11.0,11,1,140887,2.348116666666667,{'Double Zero'}
tt0448157,Hancock,2008,629443428.0,5JICzWm2yDvBX0MQEEFLfV,Hancock (Original Motion Picture Soundtrack),2008,127.0,27,10.6,212,20,2683676,44.72793333333333,{'John Powell'}
tt0116629,Independence Day,1996,817400891.0,2mR765uBNopD2Uy6J8qsQM,Independence Day (Original Motion Picture Soundtrack),1996,127.0,0,0.0,0,4,1236085,20.601416666666665,{'Deva'}
tt0120667,Fantastic Four,2005,333535934.0,4VkVAV4pNPOcHrQAnDZ5g3,The Fantastic Four (Original Motion Picture Soundtrack),2015,115.0,17,6.230769230769231,162,26,4319926,71.99876666666667,"{'Marco Beltrami, Philip Glass'}"
tt0104431,Home Alone 2: Lost in New York,1992,358994850.0,104xIjS9kSulivvCeIHWQS,Home Alone 2: Lost In New York (Original Score),1992,121.73684210526315,19,1.631578947368421,31,19,3811313,63.521883333333335,{'John Williams'}
tt0382625,The Da Vinci Code,2006,767820459.0,2sGi8o8zSI8qouDNOLvx3d,Chevaliers De Sangreal (From The Da Vinci Code Soundtrack),2025,115.0,9,19.0,19,1,245171,4.0861833333333335,{'Tim Henning Lüttge'}
tt1259571,The Twilight Saga: New Moon,2009,709827462.0,2PDlvc7K51qC4Bkali3q0R,The Twilight Saga: New Moon (Original Motion Picture Soundtrack),2009,127.0,65,37.733333333333334,566,15,3449315,57.48858333333333,{'Various Artists'}
tt1293847,xXx: Return of Xander Cage,2017,346147658.0,1EKddzX3xxUPPWmA09STeB,xXx: Return Of Xander Cage (Music From The Motion Picture),2017,120.87755102040816,5,1.1428571428571428,24,21,4254965,70.91608333333333,"{'Brian Tyler, Robert Lydecker'}"
tt0120623,A Bug's Life,1998,363258859.0,6dfHVPdqW5lUqCP1X35Sb8,A Real Bug's Life (Original Series Soundtrack),2024,115.0,4,0.52,13,25,2167160,36.11933333333333,{'Mark Mothersbaugh'}
tt0831387,Godzilla,2014,529076069.0,3B64gyyvhyTPFFh1w6l4ev,Godzilla (Original Motion Picture Soundtrack),2014,127.0,32,18.2,364,20,3636066,60.6011,{'Alexandre Desplat'}
tt1673434,The Twilight Saga: Breaking Dawn - Part 2,2012,829747654.0,6lJrqUXdCpEINx1fi5EqMa,The Twilight Saga: Breaking Dawn - Part 2 (Original Motion Picture Soundtrack),2012,127.0,58,42.214285714285715,591,14,3384623,56.410383333333336,{'Various Artists'}
tt0120616,The Mummy,1999,415885488.0,5npe6B2eEGqG4g6jYk71Kb,The Mummy - Original Motion Picture Soundtrack,1999,127.0,35,25.533333333333335,383,15,3412955,56.882583333333336,{'Jerry Goldsmith'}
tt0413267,Shrek the Third,2007,813367380.0,3gaTSLg12UA5ksNokkTiMK,Shrek The Third,2007,105.33333333333333,40,22.214285714285715,311,14,2804822,46.747033333333334,{'Various Artists'}
tt1723121,We're the Millers,2013,269994119.0,5yrkf2XolS0qBKYzARnCWE,We're the Millers (Waterfalls) [Soundtrack Full],2014,127.0,1,6.0,6,1,280153,4.669216666666666,{'XoX Comedies'}
tt1324999,The Twilight Saga: Breaking Dawn - Part 1,2011,712171856.0,2lkbTVYUYHXoXt17WXIAVc,The Twilight Saga: Breaking Dawn - Part 1 (Original Motion Picture Soundtrack),2011,127.0,55,31.61111111111111,569,18,4400164,73.33606666666667,{'Various Artists'}
tt1325004,The Twilight Saga: Eclipse,2010,698491347.0,4o6271j3hDBWqQp2yU0Ijp,The Twilight Saga: Eclipse - The Score,2010,112.0,33,18.94736842105263,360,19,3721207,62.02011666666667,{'Various Artists'}
tt1535108,Elysium,2013,286140700.0,4rteCqBsW1vSjVzYY9npmt,Elysium (Original Motion Picture Soundtrack),2013,127.0,33,15.241379310344827,442,29,4286191,71.43651666666666,{'Ryan Amon'}
tt1951261,The Hangover Part III,2013,362000072.0,01OO9h8ieclWd8XiHHDg5e,Part II,2023,72.72727272727272,45,46.666666666666664,140,3,633860,10.564333333333334,{'Osher Cohen'}
tt0117060,Mission: Impossible,1996,457731198.0,1FuLQGtfibFyfzSDDiEUhK,Mission: Impossible III (Music From The Original Motion Picture Soundtrack),2006,115.0,46,16.761904761904763,352,21,3898927,64.98211666666667,{'Michael Giacchino'}
tt2126355,San Andreas,2015,473990832.0,2dI9CqM7hsrg2g8HbrnAES,San Andreas (Original Motion Picture Soundtrack),2015,127.0,47,10.458333333333334,251,24,4344007,72.40011666666666,{'Andrew Lockington'}
tt7349950,It Chapter Two,2019,473122525.0,5H94TuqhT5k2odQ0aMUu3Y,IT Chapter Two (Original Motion Picture Soundtrack),2019,115.0,28,9.866666666666667,444,45,6096320,101.60533333333333,{'Benjamin Wallfisch'}
tt2798920,Annihilation,2018,43070915.0,2lcUVgO5Yv8QlWEI5Bt5cG,Annihilation (Music from the Motion Picture),2018,127.0,31,19.72222222222222,355,18,3602340,60.039,"{'Ben Salisbury, Geoff Barrow'}"
tt1055369,Transformers: Revenge of the Fallen,2009,836303693.0,1fqibtpI0bwD73uQGeEnhn,Transformers: Revenge Of The Fallen The Album,2009,100.88888888888889,60,38.69230769230769,503,13,3119129,51.985483333333335,{'Various Artists'}
tt7975244,Jumanji: The Next Level,2019,801693929.0,6CcuA2bfo4MkBgbA6V9K6y,Jumanji: The Next Level (Original Motion Picture Soundtrack),2019,127.0,16,5.266666666666667,158,30,3700030,61.66716666666667,{'Henry Jackman'}
tt3778644,Solo: A Star Wars Story,2018,392952373.0,0BClgKzpi6YhuXeTIAoeDm,Solo: A Star Wars Story (Original Motion Picture Soundtrack),2018,127.0,34,23.3,466,20,4642941,77.38235,"{'John Williams, John Powell'}"
tt1340138,Terminator Genisys,2015,440603537.0,3qNo6NxlSGPRhLPUEYxMAh,Terminator Genisys (Music from the Motion Picture),2015,127.0,26,11.318181818181818,249,22,4310614,71.84356666666666,{'Lorne Balfe'}
tt2184339,The Purge,2013,89328627.0,30QChEFvHcThBKx4X0Tc5U,The Purge (Original Motion Picture Soundtrack),2013,127.0,12,2.7666666666666666,83,30,3654289,60.90481666666667,{'Nathan Whitehead'}
tt7126948,Wonder Woman 1984,2020,169601036.0,1S6PQvbIyUIS9P6Cxu9lmO,Wonder Woman 1984 (Original Motion Picture Soundtrack),2020,127.0,39,22.77777777777778,410,18,5422154,90.36923333333333,{'Hans Zimmer'}
tt2316204,Alien: Covenant,2017,240891763.0,5bpAGGVIfMdT2SzYaOL2h4,Alien: Covenant (Original Soundtrack Album),2017,127.0,35,23.318181818181817,513,22,3547256,59.12093333333333,{'Jed Kurzel'}
tt6823368,Glass,2019,246999039.0,1Xds4eqiy9is3C7yR0I7p5,Glass (Original Motion Picture Soundtrack),2019,127.0,39,23.11764705882353,393,17,2967429,49.45715,{'West Dylan Thordson'}
tt5164214,Ocean's Eight,2018,297718711.0,52RlS2XvDrIvsCmktqLh9G,Ocean's 8 (Original Motion Picture Soundtrack),2018,97.0,29,16.5,396,24,4010605,66.84341666666667,{'Daniel Pemberton'}
tt0119567,The Lost World: Jurassic Park,1997,618638999.0,5pobt59r1KVuAvgF0vHSYc,The Lost World: Jurassic Park (Original Motion Picture Score),1997,127.0,36,27.142857142857142,380,14,4138413,68.97355,{'John Williams'}
tt1399103,Transformers: Dark of the Moon,2011,1123794079.0,4YGrLEIZ0juv9dXSUyd3in,Transformers: Dark of the Moon - The Album (Deluxe Version),2011,112.0,14,2.2142857142857144,31,14,3047676,50.7946,{'Various Artists'}
tt0407304,War of the Worlds,2005,603873119.0,5hjHOTPNW91WPd071nQO8p,The War of the Worlds (Original Soundtrack) [1953],2014,115.0,1,0.08333333333333333,1,12,1429189,23.819816666666668,{'Paramount Pictures Studio Orchestra'}
tt1080016,Ice Age: Dawn of the Dinosaurs,2009,886686817.0,2h85F0oKNX8A0WSBAxlLpO,Ice Age: Dawn Of The Dinosaurs,2009,105.33333333333333,32,11.681818181818182,514,44,4447133,74.11888333333333,{'John Powell'}
tt3040964,The Jungle Book,2016,966550600.0,3aE3jpLLfDpmAb0mhxB5tm,The Jungle Book (Original Motion Picture Soundtrack),2016,127.0,43,23.25,558,24,4432859,73.88098333333333,{'John Debney'}
tt2709768,The Secret Life of Pets,2016,875457937.0,2ayJFbJkkZtMkPbden2vh4,The Secret Life of Pets (Original Motion Picture Soundtrack),2016,127.0,43,15.64,391,25,3101579,51.69298333333333,{'Alexandre Desplat'}
tt0367882,Indiana Jones and the Kingdom of the Crystal Skull,2008,786636033.0,0oLE7gLc5TVEsJzuY6Dxf5,Indiana Jones and the Kingdom of the Crystal Skull (Original Motion Picture Soundtrack),2008,127.0,43,18.94736842105263,360,19,4648247,77.47078333333333,{'John Williams'}
tt1219827,Ghost in the Shell,2017,169801921.0,7mA7Z5oy212NMRL8lqFzhO,Ghost in the Shell (Music Inspired by the Motion Picture),2017,127.0,32,17.916666666666668,215,12,2384691,39.74485,{'Various Artists'}
tt2109248,Transformers: Age of Extinction,2014,1104054072.0,3V5GKKQDKrldly6W5hIwiv,Transformers: Age of Extinction (Music from the Motion Picture) - EP,2014,127.0,50,50.0,200,4,1175025,19.58375,{'Steve Jablonsky'}
tt0433035,Real Steel,2011,299268508.0,1a8LUK9Z3x2AjH3zYWZVXs,Real Steel - Music From The Motion Picture,2011,127.0,43,19.076923076923077,248,13,2938316,48.97193333333333,{'Various Artists'}
tt1469304,Baywatch,2017,177856751.0,1q6XOrwFG7PWxtInLV50Gh,Baywatch (Music From The Motion Picture),2017,127.0,37,24.25,194,8,1719237,28.65395,{'Various Artists'}
tt4477536,Fifty Shades Freed,2018,368307760.0,4w0N1CaZwQ5RPIuawqlYyy,Fifty Shades Freed (Original Motion Picture Soundtrack),2018,127.0,70,49.68181818181818,1093,22,4405672,73.42786666666667,{'Various Artists'}
tt1735898,Snow White and the Huntsman,2012,396600000.0,6ZHL8PVIsCEOFxQ7p35knJ,Snow White and the Huntsman - Snow White (Cover Version),2013,112.0,0,0.0,0,1,198333,3.30555,{'Cinescore'}
tt9032400,Eternals,2021,402064899.0,3qBn8Lw72Fs6zWyA7yFrMn,Eternals (Original Motion Picture Soundtrack),2021,127.0,32,19.0,380,20,4105931,68.43218333333333,{'Ramin Djawadi'}
tt2294449,22 Jump Street,2014,331333876.0,5POSSkeUhcnxKhi2BQ2rNW,22 Jump Street (Original Motion Picture Score),2014,127.0,9,2.3636363636363638,52,22,2961023,49.35038333333333,{'Mark Mothersbaugh'}
tt1823672,Chappie,2015,104399548.0,5Nm4syGDBJH5Aysrg40lju,Chappie (Original Motion Picture Soundtrack),2015,127.0,20,12.0,192,16,3793368,63.2228,"{'Hans Zimmer, Steve Mazzaro, Andrew Kawczynski'}"
tt0319262,The Day After Tomorrow,2004,552639571.0,6n3lkcNDBGpEm8rucmbFbm,The Day After Tomorrow (Original Motion Picture Soundtrack),2004,127.0,41,21.5,344,16,2304047,38.40078333333334,{'Harald Kloser'}
tt0462538,The Simpsons Movie,2007,527068851.0,6GpZqH8ncJdt1EMxOClqs3,The Simpsons Christmas Movie Soundtrack - Simpsons Roasting On An Open Fire,2024,115.0,0,0.0,0,1,168432,2.8072,"{'Movie Soundtrack All Stars, Movie Scores, Best Christmas Movie Soundtracks'}"
tt1632708,Friends with Benefits,2011,149542245.0,7EiLcQWNGebFVWwFo03qpu,Friends Without Benefits,2011,100.88888888888889,0,0.0,0,5,1189741,19.829016666666668,{'Summer Holds The Earth'}
tt0486576,Fantastic Four: Rise of the Silver Surfer,2007,301913131.0,2VyEjVC0QkdD99N0exJwNa,Fantastic Four: Rise of the Silver Surfer (Original Motion Picture Soundtrack),2007,127.0,17,6.7894736842105265,129,19,3068247,51.13745,{'John Ottman'}
tt1179933,10 Cloverfield Lane,2016,110216998.0,2IIy0RaTSXPsvq2NTGZoD2,10 Cloverfield Lane,2016,112.0,21,8.0,112,14,3818275,63.63791666666667,{'Bear McCreary'}
tt2094766,Assassin's Creed,2016,240697856.0,1tGG9ggFTIX8LZt8lH9hqF,Assassin's Creed Origins (Original Game Soundtrack),2017,127.0,46,30.25925925925926,817,27,4317672,71.9612,"{""Sarah Schachner, Assassin's Creed""}"
tt2381941,Focus,2015,153962963.0,6GxCN2ipEzmH4cr3oEr2Ob,Focus (Original Motion Picture Soundtrack),2015,127.0,9,1.3571428571428572,19,14,3519640,58.660666666666664,{'Various Artists'}
tt0120591,Armageddon,1998,553799566.0,4jLCHgrBujiZhpoDi2iIsN,Armageddon - Original Motion Picture Score,1998,127.0,37,23.333333333333332,420,18,3004274,50.07123333333333,{'Trevor Rabin'}
tt0830515,Quantum of Solace,2008,589580482.0,6GPIgVjo7oaJqk13mhojRt,"Quantum of Solace Soundtrack ""The Dead Don't Care About"" (Piano And Orchestra Version)",2020,115.0,1,5.0,5,1,76224,1.2704,"{""Pianista sull'Oceano""}"
tt1365519,Tomb Raider,2018,274650803.0,5jJRmJfNs3Jhjj0aRM33CD,Tomb Raider (Original Motion Picture Soundtrack),2018,127.0,16,8.5,119,14,4336877,72.28128333333333,{'Junkie XL'}
tt0360717,King Kong,2005,562363449.0,56DaLpytoTGigOZ5OxTjP5,King Kong (Original Motion Picture Soundtrack),1976,115.0,14,7.384615384615385,96,13,2551235,42.520583333333335,{'John Barry'}
tt1259521,The Cabin in the Woods,2012,71041255.0,0WHoHznQr0oDFJjrf01tzc,The Cabin in the Woods,2012,112.0,0,0.0,0,1,89495,1.4915833333333333,{'Chilling Tales for Dark Nights'}
tt4465564,Fifty Shades Darker,2017,378827494.0,5VML6S956h4YfoYPooqLEi,Fifty Shades Darker (Original Motion Picture Soundtrack),2017,127.0,67,48.73684210526316,926,19,4075702,67.92836666666666,{'Various Artists'}
tt1320253,The Expendables,2010,274470394.0,3KQPLA7xyJrL2pOi7txiH2,The Expendables (Original Soundtrack),2010,127.0,16,5.85,117,20,4308539,71.80898333333333,{'Brian Tyler'}
tt0163651,American Pie,1999,235483004.0,6F46TB38Y9UyQG6SSa3B7v,American Pie 2 (Music From The Motion Picture),2001,121.0,18,6.625,106,16,3167781,52.79635,{'Various Artists'}
tt1216475,Cars 2,2011,559852396.0,3GJM6mv4riGX4gPM6goLk3,Cars 2 (Original Soundtrack),2011,127.0,52,33.65384615384615,875,26,3812166,63.5361,{'Various Artists'}
tt2120120,Pixels,2015,244874809.0,5asyFjr57fue4UiQwkzwEZ,Dead Pixels (Boss Fighting Stages Soundtrack),2024,115.0,0,3.0,3,1,194341,3.2390166666666667,{'Jetdarc'}
tt1667889,Ice Age: Continental Drift,2012,877244782.0,62hm50sMZpmvMPsQVwx7qW,Ice Age: Continental Drift (Original Motion Picture Score),2012,127.0,22,11.571428571428571,162,14,3494247,58.23745,{'John Powell'}
tt4779682,The Meg,2018,530517320.0,2fX1wp135xWozEnVTnuViD,The Meg (Original Motion Picture Soundtrack),2018,127.0,14,6.277777777777778,113,18,3073127,51.218783333333334,{'Harry Gregson-Williams'}
tt2239822,Valerian and the City of a Thousand Planets,2017,225973340.0,6WTJ4bVc1p1gINRCBgnNP0,Valerian and the City of a Thousand Planets (Original Motion Picture Soundtrack),2017,127.0,36,4.4375,142,32,6023164,100.38606666666666,{'Various Artists'}
tt0814255,Percy Jackson & the Olympians: The Lightning Thief,2010,226497209.0,4Q69KV9uqdGsm1QXl14cEr,Percy Jackson & the Olympians: The Lightning Thief,2020,100.0,0,0.0,0,1,150115,2.501916666666667,{'Kenan Edmond'}
tt2637276,Ted 2,2015,215863606.0,7faV1Yp99czeZ3Bdq6ss4N,Ted Lasso: Season 2 (Apple TV+ Original Series Soundtrack),2021,115.0,18,7.2272727272727275,159,22,1952237,32.537283333333335,"{'Marcus Mumford, Tom Howe'}"
tt1800241,American Hustle,2013,251171807.0,1IYNvecQemjw2HnVPteEU7,American Hustle (Original Motion Picture Soundtrack),2013,127.0,33,10.8,162,15,3289555,54.825916666666664,{'Various Artists'}
tt5442430,Life,2017,100541806.0,3wpDoZq8f68bkha7a611od,Soundtrack Life is Strange Cover partie 1,2016,127.0,38,34.6,173,5,954827,15.913783333333333,{'DOLKINS'}
tt1133985,Green Lantern,2011,219851172.0,4NQqsrsCgo1xFwA81uI3Lp,Green Lantern (Original Motion Picture Soundtrack),2011,127.0,16,6.722222222222222,121,18,3176643,52.94405,{'James Newton Howard'}
tt0322259,2 Fast 2 Furious,2003,236350661.0,1cInbcKRuvIvW8pj9daIJU,2 Fast 2 Furious (Soundtrack),2003,127.0,55,25.529411764705884,434,17,3661448,61.02413333333333,{'Various Artists'}
tt1700841,Sausage Party,2016,140705322.0,3XnSNevPVme0Orf6mbS5HS,Sausage Party (Original Motion Picture Soundtrack),2016,127.0,6,0.88,22,25,4502017,75.03361666666666,{'Various Artists'}
tt6857112,Us,2019,256067149.0,1gkLMuAnI8U5z2yhyhhRQk,Us (Original Motion Picture Soundtrack),2019,127.0,34,10.314285714285715,361,35,4514747,75.24578333333334,{'Michael Abels'}
tt1077368,Dark Shadows,2012,245527149.0,2thoKDXCwGxNgv4OWQ43C4,Dark Shadows (Original Motion Picture Soundtrack),2012,127.0,6,1.8181818181818181,20,11,2601216,43.3536,{'Various Artists'}
tt0892791,Shrek Forever After,2010,752600867.0,0cRRixmgIfQpuklatHokvi,Shrek Forever After (Original Motion Picture Score),2010,127.0,20,10.8125,173,16,2552209,42.53681666666667,{'Harry Gregson-Williams'}
tt2345759,The Mummy,2017,409231607.0,2vjurMsiRtFg7zzpB68yZ7,The Mummy Demastered (Original Video Game Soundtrack),2017,127.0,24,12.5,200,16,3085514,51.42523333333333,{'monomer'}
tt0349903,Ocean's Twelve,2004,362744280.0,4r3g8g5VCM1RyawlPCcFRg,Ocean's Twelve (Music from the Motion Picture),2004,127.0,34,16.3125,261,16,3190022,53.167033333333336,{'Various Artists'}
tt0343660,50 First Dates,2004,196482882.0,564QhHk9uWBLfCSG1guclu,50 First Dates (Love Songs from the Original Motion Picture),2005,127.0,31,7.615384615384615,99,13,2981022,49.6837,{'Various Artists'}
tt1013752,Fast & Furious,2009,363164265.0,6Zuqq61QgvmnCfEjA8Fb4R,Fast & Furious (Original Motion Picture Score),2009,127.0,24,9.24,231,25,4704136,78.40226666666666,{'Brian Tyler'}
tt0170016,How the Grinch Stole Christmas,2000,345823040.0,5UTagyRGjK71V8fzE1Q6XO,Dr. Seuss' How the Grinch Stole Christmas (Original Motion Picture Soundtrack) - Expanded Edition,2023,115.0,21,5.92,148,25,4364993,72.74988333333333,{'James Horner'}
tt3874544,The Boss Baby,2017,527965936.0,3z7rqeUoHXCHVcnLTtAZgM,The Boss Baby (Original Motion Picture Soundtrack),2017,127.0,34,16.65,333,20,3979023,66.31705,"{'Hans Zimmer, Steve Mazzaro'}"
tt1661199,Cinderella,2015,543514353.0,4MaXQAzgpi1UGNNia9r7fx,Cinderella (Original Motion Picture Soundtrack),2015,127.0,55,34.81818181818182,1149,33,5114281,85.23801666666667,{'Various Artists'}
tt1371111,Cloud Atlas,2012,130482868.0,76fMuwHrl5onwD32p1heYS,Cloud Atlas,2012,112.0,39,21.608695652173914,497,23,4654312,77.57186666666666,"{'Tom Tykwer, Johnny Klimek, Reinhold Heil, MDR Rundfunkchor, MDR Leipzig Radio Symphony Orchestra, Kristjan Järvi'}"
tt1104001,TRON: Legacy,2010,400062763.0,3AMXFnwHWXCvNr5NCCpLZI,TRON: Legacy - The Complete Edition (Original Motion Picture Soundtrack),2010,127.0,63,47.12903225806452,1461,31,4989998,83.16663333333334,{'Daft Punk'}
tt6806448,Fast & Furious Presents: Hobbs & Shaw,2019,760098996.0,6Y1wIHHmTIqv3mnVvQNJNH,Fast & Furious Presents: Hobbs & Shaw (Original Motion Picture Soundtrack),2019,127.0,47,26.53846153846154,345,13,3016001,50.26668333333333,{'Various Artists'}
tt0481499,The Croods,2013,587204668.0,4u4IPXah1vS9LKR5LIYYne,The Croods,2013,112.0,40,15.695652173913043,361,23,4233819,70.56365,{'Alan Silvestri'}
tt0163025,Jurassic Park III,2001,368780809.0,2nhcXRpFSrpreNtfvHzOHw,Jurassic Park III,2001,112.0,34,24.4375,391,16,3265527,54.42545,"{'Don Davis, Various Artists'}"
tt1964418,Tomorrowland,2015,209154322.0,3i394YFdAZdxwBjzD6Q2Rc,Tomorrowland (Piano Selections from the Motion Picture Soundtrack),2015,127.0,0,0.0,0,10,1343227,22.387116666666667,{'The Piano Kid'}
tt2004420,Neighbors,2014,270665134.0,2rjHuNv3LKqGFkZ7cWhXcH,Finding Neighbors (Original Motion Picture Soundtrack),2013,127.0,0,0.0,0,33,3185873,53.097883333333336,{'Ronit Kirchman'}
tt0493464,Wanted,2008,342463063.0,0ljNzybFQYcqIaUjeR4p3t,Wanted Johnny Texas (Original Motion Picture Soundtrack),2007,127.0,19,4.35,87,20,4248500,70.80833333333334,{'Marcello Gigante'}
tt3469046,Despicable Me 3,2017,1031552585.0,6kFJhsN8drSfWwL493qK0c,Despicable Me 3 (Original Motion Picture Soundtrack),2017,127.0,59,35.875,574,16,3081954,51.3659,{'Various Artists'}
tt2231461,Rampage,2018,428028233.0,0RNAyGwX7efNoZhP0AQh76,Rampage (Original Motion Picture Soundtrack),2018,127.0,24,4.375,105,24,4380020,73.00033333333333,{'Andrew Lockington'}
tt1060277,Cloverfield,2008,170764026.0,1fIZ0sSn7AK01vL1SBb3Sd,The Cloverfield Paradox (Music from the Motion Picture),2018,115.0,11,4.0625,65,16,4584914,76.41523333333333,{'Bear McCreary'}
tt0389860,Click,2006,240685326.0,5mSVSBQzhxrnD00Yv3Cqvv,Click Like Share (Original Soundtrack),2021,115.0,2,1.75,7,4,936603,15.61005,{'Various Artists'}
tt10648342,Thor: Love and Thunder,2022,760928081.0,18vjqWwWsrtE9tseaLRO8V,Thor: Love and Thunder (Original Motion Picture Soundtrack),2022,127.0,26,11.5,322,28,3875124,64.5854,{'Michael Giacchino'}
tt0790724,Jack Reacher,2012,218340595.0,2mePxvFPRyAy7N5RVNw19K,Jack Reacher - Music from the Motion Picture,2012,127.0,20,10.692307692307692,139,13,3771650,62.86083333333333,{'Joe Kraemer'}
tt1282140,Easy A,2010,75026327.0,405ci9cffQzvNVUiPol2mL,Easy To Assemble - Finding North Soundtrack,2011,107.0,0,0.15384615384615385,2,13,2657518,44.29196666666667,{'Various Artists'}
tt0209163,The Mummy Returns,2001,443280904.0,7cvpq6g3R1hMtoHJwkn20l,The Mummy Returns The Ultimate Fantasy Playlist,2021,100.0,1,0.0,0,15,3492487,58.20811666666667,{'Various Artists'}
tt1078912,Night at the Museum: Battle of the Smithsonian,2009,413106170.0,1Hu0RIN2UxSFbXqseHA6dc,Night At The Museum: Battle Of The Smithsonian (Original Motion Picture Soundtrack),2009,113.48648648648648,21,9.043478260869565,208,23,3002219,50.03698333333333,{'Alan Silvestri'}
tt4263482,The Witch,2015,40423945.0,2dyltpFsOAe35xQ2iOZ7a1,The Witch (Original Motion Picture Soundtrack),2016,127.0,32,20.4375,327,16,2306460,38.441,{'Mark Korven'}
tt0167190,Hellboy,2004,99318987.0,5leqhdbIa0MbBPERGTtaBF,Hellboy (Original Motion Picture Soundtrack),2019,115.0,10,5.0,60,12,2922676,48.71126666666667,{'Benjamin Wallfisch'}
tt1291150,Teenage Mutant Ninja Turtles,2014,485004754.0,3IbwR5uLa93fdOYd9GKJPx,Teenage Mutant Ninja Turtles 2 NES Original Soundtrack (Synth Remix),2025,115.0,3,0.8823529411764706,15,17,2671875,44.53125,{'Electric Wendigo'}
tt0479952,Madagascar: Escape 2 Africa,2008,603900354.0,0a6NsOaOzlrubGl3htyVWG,Madagascar: Escape 2 Africa (Music From The Motion Picture),2008,127.0,67,37.8235294117647,643,17,2973541,49.559016666666665,{'Various Artists'}
tt1302011,Kung Fu Panda 2,2011,665692281.0,78Cgst6GCkXDVnyzNfUGBT,Kung Fu Panda 2 (Music From The Motion Picture),2011,127.0,39,27.647058823529413,470,17,3868009,64.46681666666667,"{'John Powell, Hans Zimmer'}"
tt1617661,Jupiter Ascending,2015,183987723.0,3P1VTqAPderp7TzomkKbU2,Jupiter Ascending (Original Motion Picture Soundtrack),2015,127.0,16,6.304347826086956,145,23,6198616,103.31026666666666,{'Michael Giacchino'}
tt0808151,Angels & Demons,2009,485930816.0,54bvfCjhLWtn4pNFIUK7kG,Angels & Demons (Original Motion Picture Soundtrack),2009,127.0,42,30.666666666666668,276,9,3259012,54.31686666666667,"{'Hans Zimmer, Various Artists'}"
tt0175142,Scary Movie,2000,278019771.0,6X96gBHqFpAz6ROJSUYjWA,Scary Movie 5 (Original Motion Picture Soundtrack),2013,115.0,13,4.428571428571429,62,14,2680716,44.6786,{'Various Artists'}
tt0803096,Warcraft,2016,433677183.0,3CAWtwdA53h3WxCk1sdt0r,Warcraft (Original Motion Picture Soundtrack),2016,127.0,34,19.42105263157895,369,19,3656643,60.94405,{'Ramin Djawadi'}
tt1068680,Yes Man,2008,223241637.0,49HU8pVQL877ylN8nap9CQ,Yes Man (Original Motion Picture Soundtrack),2008,127.0,10,3.5384615384615383,46,13,2495048,41.584133333333334,"{'Munchausen By Proxy, Eels'}"
tt0473075,Prince of Persia: The Sands of Time,2010,336365676.0,2FmFw1AP9j5ki13F5xeMLV,Prince Of Persia: The Sands Of Time (Original Motion Picture Soundtrack),2010,122.08196721311475,28,14.31578947368421,272,19,3986554,66.44256666666666,{'Harry Gregson-Williams'}
tt1428538,Hansel & Gretel: Witch Hunters,2013,226349749.0,0MRq4XvlPHW8VgAwgl1pQc,Hansel & Gretel: Witch Hunters (Cover Version),2013,112.0,0,0.0,0,2,303052,5.050866666666667,{'Cinescore'}
tt5884052,Pokémon Detective Pikachu,2019,449762638.0,5jE5ifgXfepCiYc9pEZFHg,Pokémon Detective Pikachu (Original Motion Picture Soundtrack),2019,127.0,33,18.62962962962963,503,27,3495162,58.2527,{'Henry Jackman'}
tt1591095,Insidious,2011,99870886.0,1nbX1v9DK3aQaiNysoUktS,Insidious (Original Motion Picture Score),2011,127.0,30,11.115384615384615,289,26,2432538,40.5423,{'joseph bishara'}
tt1001526,Megamind,2010,321885765.0,2bM4OTQMwAZjP0SLKpxcIg,Megamind (Music from the Motion Picture),2016,115.0,24,13.058823529411764,222,17,2898260,48.30433333333333,{'Various Artists'}
tt1764651,The Expendables 2,2012,314975955.0,6J7pcaEv66QMMykMoGJoY8,The Expendables 2 (Original Motion Picture Soundtrack),2012,127.0,17,7.142857142857143,100,14,3410568,56.8428,{'Brian Tyler'}
tt1245526,RED,2010,199000000.0,49r7XfypQ9FPLhGKhQ9eEl,REDLINE Original Soundtrack,2010,47.0,36,14.880952380952381,625,42,4695959,78.26598333333334,{'JAMES SHIMOJI'}
tt4566758,Mulan,2020,66800000.0,1hOU3shHZwl08nsq1LDAJP,Mulan (Original Motion Picture Soundtrack),2020,127.0,48,21.615384615384617,562,26,4978819,82.98031666666667,{'Harry Gregson-Williams'}
tt1623205,Oz the Great and Powerful,2013,491868548.0,5a0pVSee70rec86NUdWDZc,Oz the Great and Powerful (Original Motion Picture Soundtrack),2013,127.0,27,6.925925925925926,187,27,3990390,66.5065,{'Danny Elfman'}
tt3410834,Allegiant,2016,179246868.0,3ZYIogMtZI6WKSHBUrYzkt,Allegiant (Original Motion Picture Score),2016,127.0,27,10.117647058823529,172,17,3574153,59.56921666666667,{'Joseph Trapanese'}
tt2660888,Star Trek Beyond,2016,343471816.0,2MWV1UGjhgflCK7cDFPJ1G,Star Trek Beyond (Music From The Original Motion Picture / Deluxe Edition),2016,127.0,25,8.085106382978724,380,47,7583278,126.38796666666667,{'Michael Giacchino'}
tt0463985,The Fast and the Furious: Tokyo Drift,2006,158964610.0,4SJhZBuuLYlwUJGxWf8Pj0,The Fast And The Furious: Tokyo Drift (Original Motion Picture Soundtrack),2006,114.87878787878788,68,45.333333333333336,544,12,2758835,45.980583333333335,{'Various Artists'}
tt2302755,Olympus Has Fallen,2013,170270201.0,4jlD6FiNGZ4UI5p9HSUJcB,Olympus Has Fallen (Music from the Motion Picture),2013,127.0,20,6.260869565217392,144,23,4167871,69.46451666666667,{'Trevor Morris'}
tt0405422,The 40 Year Old Virgin,2005,177378645.0,6N5FQfyI3V6ipVN052cZ03,The 40 Year Old Virgin,2021,100.0,0,0.0,0,10,2009399,33.489983333333335,{'R-A The Great'}
tt1815862,After Earth,2013,243843127.0,74suxCpeOjDlun62uMphyn,After Earth,2014,112.0,0,0.0,0,2,817575,13.62625,{'Shivaxi'}
tt1397280,Taken 2,2012,376141306.0,0SXcsMSJZhpn4WvV1NdQ7p,Taken 2 (Original Motion Picture Soundtrack),2012,127.0,6,1.1666666666666667,28,24,3206353,53.43921666666667,{'Nathaniel Méchaly'}
tt1650062,Super 8,2011,260095986.0,65dsgh87drrqVyFOcI4zvF,Super 8 (Music From The Motion Picture),2011,127.0,20,6.090909090909091,201,33,4677896,77.96493333333333,{'Michael Giacchino'}
tt1436562,Rio,2011,484635760.0,4IB8FSDJdf8zDmzTSGnpgk,Rio (Original Motion Picture Score),2011,127.0,35,24.157894736842106,459,19,2832660,47.211,{'John Powell'}
tt0317919,Mission: Impossible III,2006,398479497.0,1FuLQGtfibFyfzSDDiEUhK,Mission: Impossible III (Music From The Original Motion Picture Soundtrack),2006,127.0,46,16.761904761904763,352,21,3898927,64.98211666666667,{'Michael Giacchino'}
tt2935510,Ad Astra,2019,127461872.0,7A0KkKcwRKJYLrWQQsO3bH,Ad Astra (Original Motion Picture Soundtrack),2019,127.0,43,22.275862068965516,646,29,7621111,127.01851666666667,"{'Max Richter, Lorne Balfe'}"
tt0120755,Mission: Impossible II,2000,546388105.0,2sKbNDye2SRvpfcEsQdvGd,Mission: Impossible 2 (Music from the Original Motion Picture Score),2000,119.6829268292683,38,25.0,375,15,2752155,45.86925,{'Hans Zimmer'}
tt0181852,Terminator 3: Rise of the Machines,2003,435000000.0,1StUxoHofHejnF09CmwLIH,Terminator 3: Rise Of The Machines (Original Motion Picture Soundtrack),2003,115.52459016393442,24,10.238095238095237,215,21,3090351,51.50585,{'Marco Beltrami'}
tt5814060,The Nun,2018,365582797.0,6beUbBDp6cwAmWG8DETfaE,The Nun (Original Motion Picture Soundtrack),2018,127.0,28,12.45,249,20,2719459,45.32431666666667,{'Abel Korzeniowski'}
tt1253863,300: Rise of an Empire,2014,337580051.0,0JGQ10jlljiXEguqGbMiYU,300: Rise of an Empire (Original Motion Picture Soundtrack),2014,127.0,36,25.8125,413,16,4077942,67.9657,{'Junkie XL'}
tt1606378,A Good Day to Die Hard,2013,304654182.0,2OhFgBqUbvFLfNTY5uaVUk,Music from the Expendables 1 & 2 & A Good Day to Die Hard,2013,112.0,0,0.0,0,12,2593547,43.22578333333333,{'The Academy Allstars'}
tt2975578,The Purge: Anarchy,2014,111928365.0,7yGA8F6nnJjLOjIqvolm8x,The Purge: Anarchy (Original Motion Picture Soundtrack),2014,127.0,12,3.0454545454545454,67,22,3733125,62.21875,{'Nathan Whitehead'}
tt2567026,Alice Through the Looking Glass,2016,299457024.0,6bNZlZ8bKdMmcMLXjWA2me,Alice Through the Looking Glass (Original Motion Picture Soundtrack),2016,127.0,26,11.321428571428571,317,28,4606990,76.78316666666667,{'Danny Elfman'}
tt0795421,Mamma Mia!,2008,609841637.0,6QtnCAFmqOwR75jOOmU7k9,Mamma Mia! The Movie Soundtrack,2008,127.0,76,65.38888888888889,1177,18,4152154,69.20256666666667,{'Cast of Mamma Mia! The Movie'}
tt0438488,Terminator Salvation,2009,371353001.0,2RmsoV97mk8KVWx8FmrfP4,Terminator Salvation Original Soundtrack,2009,127.0,18,8.266666666666667,124,15,3029476,50.49126666666667,{'Danny Elfman'}
tt0103776,Batman Returns,1992,280000000.0,23r6B12CW04v5OIc8x5KbR,Batman Returns OMPST,1992,112.0,31,19.428571428571427,408,21,4198366,69.97276666666667,{'Various Artists'}
tt1289401,Ghostbusters,2016,229147509.0,0epcJ1L57tp3SF30aKyeWa,Ghostbusters (Original Motion Picture Soundtrack) [2016],2016,127.0,54,28.285714285714285,396,14,2782157,46.369283333333335,{'Various Artists'}
tt1192628,Rango,2011,245724603.0,426K86O7YGUVVyfkHzjuCo,Rango Soundtrack,2011,127.0,40,23.6,472,20,2067963,34.46605,{'Various Artists'}
tt0213149,Pearl Harbor,2001,449220945.0,6d0LelwtKFd0F0ZfImWWDz,Pearl Harbor - Original Motion Picture Soundtrack,2005,115.0,52,42.333333333333336,381,9,2780957,46.34928333333333,{'Hans Zimmer'}
tt6565702,Dark Phoenix,2019,252442974.0,12fXY8Frs87K8Rh3hkY72X,Dark Phoenix (Original Motion Picture Soundtrack),2019,127.0,32,25.3,253,10,4082381,68.03968333333333,{'Hans Zimmer'}
tt1245492,This Is the End,2013,126041322.0,1BKGuKSiDsKzeYZdIrHgpD,This Is Not The End (original soundtrack to the novel of the same title),2025,115.0,0,0.0,0,10,1994031,33.23385,{'Johny Nocash'}
tt1499658,Horrible Bosses,2011,209838559.0,47qrGpkiGQYihG2V87eb41,Horrible Bosses (Original Motion Picture Soundtrack),2011,127.0,6,0.6666666666666666,22,33,3832042,63.86736666666667,{'Christopher Lennertz'}
tt0307453,Shark Tale,2004,367275019.0,3YkyhKDPByuv5vNHgTougM,Shark Tale (Motion Picture Soundtrack),2004,127.0,34,14.0,182,13,3038515,50.64191666666667,{'Various Artists'}
tt0918940,The Legend of Tarzan,2016,356743061.0,6BOoULNaunbULjXxQZ0gbr,The Legend Of Tarzan (Original Motion Picture Soundtrack),2016,118.89189189189189,28,14.318181818181818,315,22,4288087,71.46811666666666,{'Rupert Gregson-Williams'}
tt0499448,The Chronicles of Narnia: Prince Caspian,2008,419665568.0,67elAtV5dXB8nsUO5UZaol,The Chronicles Of Narnia: Prince Caspian Original Soundtrack,2008,123.1038961038961,31,12.0625,193,16,4506756,75.1126,{'Various Artists'}
tt3062096,Inferno,2016,220021259.0,4KvYrYHxszNCctWoBORecE,Inferno (Original Motion Picture Soundtrack),2016,127.0,29,14.823529411764707,252,17,4254582,70.9097,{'Hans Zimmer'}
tt3235888,It Follows,2014,14674076.0,6vwKCWCxz2z661lvKfVkFQ,It Follows (Original Motion Picture Soundtrack),2015,127.0,35,20.11111111111111,362,18,2684000,44.733333333333334,{'Disasterpeace'}
tt1636826,Project X,2012,102731865.0,3IU5cdBHjjEOeYpx9GhVwz,(Soundtrack Inpsired by the Movie) Project X,2018,115.0,1,0.21428571428571427,3,14,3197017,53.28361666666667,{'Various Artists'}
tt0800320,Clash of the Titans,2010,493214993.0,22X8cg0XK8G6uQu0zwnxmq,Clash of the Titans (Original Motion Picture Soundtrack),2024,115.0,0,0.0,0,1,123793,2.0632166666666665,{'Volodymyr Takhaiev'}
tt2406566,Atomic Blonde,2017,100014025.0,55bMp8gRTHGdosVQ1aR02i,Atomic Blonde (Original Motion Picture Soundtrack),2017,127.0,40,12.25,196,16,4212485,70.20808333333333,{'Various Artists'}
tt0496806,Ocean's Thirteen,2007,311312624.0,20ItSmVKGIrTMyjGKklC6S,Music From The Motion Picture Ocean's Thirteen (Standard Version),2007,127.0,37,25.4,508,20,2674060,44.56766666666667,{'Various Artists'}
tt0368891,National Treasure,2004,347512318.0,0gOtkQln6JGb5Ab5zcdDOz,National Treasure (Original Soundtrack),2017,115.0,17,5.689655172413793,165,29,3176649,52.94415,{'Cristobal Tapia De Veer'}
tt1959490,Noah,2014,362637473.0,2XnflgJ5byhSYuhDE3s2hc,Noah [Music from the Motion Picture],2014,127.0,17,6.826086956521739,157,23,4718821,78.64701666666667,{'Clint Mansell'}
tt0120804,Resident Evil,2002,102984862.0,29iqxEoRySD2jW0VXNjRzu,Resident Evil 2 Original Soundtrack,2019,115.0,43,16.677966101694917,984,59,10551028,175.85046666666668,{'Capcom Sound Team'}
tt1650554,Kick-Ass 2,2013,60700000.0,4K2NhkfNSitC1i5kwrnRWm,Kick-Ass 2,2013,112.0,3,0.7857142857142857,11,14,2503343,41.72238333333333,{'Various Artists'}
tt1588173,Warm Bodies,2013,116980662.0,3PFzAPyOzsscr23ikyCNt3,Warm Bodies (Original Motion Picture Score),2013,127.0,8,1.8636363636363635,41,22,3496879,58.28131666666667,"{'Marco Beltrami, Buck Sanders'}"
tt0112442,Bad Boys,1995,141407024.0,1WbcLdDqpfZza3TlvzFJJj,Bad Boys For Life Soundtrack,2020,115.0,51,35.4,354,10,1857165,30.95275,{'Various Artists'}
tt3322940,Annabelle,2014,257047661.0,2BWtI3RIIf5V9uXr7B3vQd,Annabelle (Original Motion Picture Soundtrack),2014,127.0,25,7.961538461538462,207,26,3066163,51.102716666666666,{'joseph bishara'}
tt1959563,The Hitman's Bodyguard,2017,176586701.0,4d2jQf2hUMpyhk1xHdhLyw,The Hitman's Bodyguard (Original Soundtrack Album),2020,115.0,29,12.133333333333333,182,15,2991228,49.8538,{'Various Artists'}
tt3371366,Transformers: The Last Knight,2017,605425157.0,68d9WIEyxA9U2SsccN4fmK,Transformers: The Last Knight (Music from the Motion Picture),2017,127.0,48,29.11764705882353,990,34,7771161,129.51935,{'Steve Jablonsky'}
tt5308322,Happy Death Day,2017,125479266.0,2vHiNpFeKzKw8sow0A21XI,Happy Death Day (Original Motion Picture Soundtrack),2017,127.0,4,1.8,18,10,2661198,44.3533,{'Bear McCreary'}
tt0298130,The Ring,2002,249348933.0,04rz93AqGy9JduzV3K81Dh,The Lord of the Rings: The Fellowship of the Ring (Original Motion Picture Soundtrack),2001,127.0,62,49.55555555555556,892,18,4287755,71.46258333333333,{'Howard Shore'}
tt0146316,Lara Croft: Tomb Raider,2001,274703340.0,6LlBbhZ4Z9YVy3HZo2Zztp,Lara Croft: Tomb Raider - Cradle Of Life [Original Motion Picture Score (Deluxe Edition)],2022,115.0,12,3.92,98,25,5648403,94.14005,{'Alan Silvestri'}
tt0320691,Underworld,2003,95708457.0,6rYA9ZajehkR1qhNE9kRy5,Underworld (Original Score),2003,127.0,21,9.894736842105264,188,19,3140861,52.347683333333336,{'Paul Haslinger'}
tt0338348,The Polar Express,2004,310634054.0,64jNt6b5Ds4itNEXTpk9Fk,The Polar Express (Original Motion Picture Soundtrack) [Special Edition],2004,127.0,45,19.75,316,16,3014716,50.245266666666666,{'Various Artists'}
tt0829150,Dracula Untold,2014,217124280.0,4UX4LEUwnJ876YGfktnVkT,Dracula Untold (Original Motion Picture Soundtrack),2014,127.0,26,14.1,282,20,3615957,60.26595,{'Ramin Djawadi'}
tt1628841,Independence Day: Resurgence,2016,389681935.0,1iBtb33FA1k2wYLoPDisrs,Independence Day: Resurgence (Original Motion Picture Soundtrack),2016,127.0,22,8.08,202,25,3088112,51.46853333333333,"{'Thomas Wander, Harald Kloser, Thomas Wander & Harald Kloser'}"
tt3079380,Spy,2015,235666219.0,6mJms5drEoLMY9Lkm96E72,Spy (Original Soundtrack Album),2015,127.0,24,6.428571428571429,90,14,2874075,47.90125,{'Various Artists'}
tt1598778,Contagion,2011,137551594.0,1sjTd7uv2xFG4mmZEDEE74,Contagion (Original Motion Picture Soundtrack),2011,127.0,30,17.45,349,20,2736223,45.603716666666664,{'Cliff Martinez'}
tt1277953,Madagascar 3: Europe's Most Wanted,2012,746921274.0,2eKfFAw1hVHCE5FRlCl14j,"Firework (From ""Madagascar 3: Europe's Most Wanted') [Sped-Up Version]",2023,80.38461538461539,0,1.0,1,1,204560,3.4093333333333335,{'Speed Geek'}
tt1502712,Fantastic Four,2015,167977596.0,4VkVAV4pNPOcHrQAnDZ5g3,The Fantastic Four (Original Motion Picture Soundtrack),2015,127.0,17,6.230769230769231,162,26,4319926,71.99876666666667,"{'Marco Beltrami, Philip Glass'}"
tt4701182,Bumblebee,2018,467989645.0,2Zp14pflFltKdiekwPTR7t,Bumblebee Soundtrack (Soundtrack Inspired),2020,121.0,1,0.2,2,10,2256394,37.606566666666666,{'Various Artists'}
tt1037705,The Book of Eli,2010,157107755.0,4bAx3HcEbvrA5iJSBjKz1o,The Book Of Eli Original Motion Picture Soundtrack,2010,115.88888888888889,30,16.294117647058822,277,17,2814925,46.915416666666665,{'Various Artists'}
tt0109686,Dumb and Dumber,1994,247275374.0,79P32NOcAdnKotwyDyzUDe,Dumb and Dumber To (Original Motion Picture Soundtrack),2014,115.0,41,7.583333333333333,91,12,2479604,41.32673333333334,{'Various Artists'}
tt0117705,Space Jam,1996,250200000.0,5fTQrc1IdfbQaHmPIeV9T9,Space Jam (Music from the Motion Picture),1996,127.0,9,3.75,45,12,3302903,55.048383333333334,{'Roy Hamilton Orchestra'}
tt2321549,The Babadook,2014,10312540.0,0bekCoVJaFYaiO7MTuMZhX,The Babadook,2015,112.0,0,0.0,0,1,213750,3.5625,"{'Jetpack Bandits, Ninevibes'}"
tt2873282,Red Sparrow,2018,151572634.0,0nuRmlPaTvNMYMYogUXKFa,Red Sparrow (Original Motion Picture Soundtrack),2018,127.0,22,9.75,195,20,4617604,76.96006666666666,{'James Newton Howard'}
tt0942385,Tropic Thunder,2008,195702811.0,2YcLgp2gCToEFaNKK9Gxfk,Tropic Thunder (Original Motion Picture Score),2008,127.0,7,1.6818181818181819,37,22,2411900,40.19833333333333,{'Theodore Shapiro'}
tt0397892,Bolt,2008,309979994.0,7K4HfPLJ2JwvXBF02SAiXx,Shostakovich: Jazz Suites Nos. 1 - 2 / The Bolt / Tahiti Trot,2002,115.0,57,31.15,623,20,3723996,62.0666,{'Dmitri Shostakovich'}
tt1375670,Grown Ups,2010,271430189.0,6aAlY7ubbRwb3KdgGvtzeU,Grown Ups in the Classroom / Vocal Comedy Soundtrack,2023,115.0,0,0.0,0,1,936227,15.603783333333332,{'DRMIX'}
tt1907668,Flight,2012,161772375.0,1K9gusi2RnaliMDMDk5ySw,Flight to Sinai: Original Motion Picture Soundtrack,2012,127.0,2,1.2222222222222223,11,9,1831999,30.533316666666668,"{'Dustin Manuel, Bryan Hendon & Matt Petromilli'}"
tt1155076,The Karate Kid,2010,359126022.0,1ok86ehqefda3YlxLuiBfK,The Karate Kid (Music from the Motion Picture),2010,127.0,30,19.166666666666668,345,18,3860099,64.33498333333333,{'James Horner'}
tt2404435,The Magnificent Seven,2016,162360636.0,5XyqDuYkkEyTWmjUfUfHpb,The Magnificent Seven (Original Motion Picture Soundtrack),2016,127.0,32,11.115384615384615,289,26,4717960,78.63266666666667,"{'James Horner, Simon Franglen, James Horner, Simon Franglen'}"
tt1210819,The Lone Ranger,2013,260502115.0,6dJFGjTwJI2shla9sv66XO,The Legend Of The Lone Ranger (Original Motion Picture Soundtrack),1981,115.0,4,1.3076923076923077,17,13,1607930,26.798833333333334,{'John Barry'}
tt0212338,Meet the Parents,2000,330444045.0,0TtQkFg4QefOOKFd6n6CAO,Meet The Parents (Original Motion Picture Soundtrack),2000,112.71428571428571,13,2.7777777777777777,50,18,2355128,39.25213333333333,{'Randy Newman'}
tt2692250,Night at the Museum: Secret of the Tomb,2014,363204635.0,6tlxapAt1q5SxCLhvR8wyZ,Night At The Museum: Secret Of The Tomb (Original Motion Picture Soundtrack),2014,110.33333333333333,13,4.7894736842105265,91,19,3437808,57.2968,{'Alan Silvestri'}
tt2304933,The 5th Wave,2016,109906372.0,1kcO83QN76JomDQ82r9RFh,The 5th Wave (Original Motion Picture Soundtrack),2016,127.0,14,4.409090909090909,97,22,3208540,53.47566666666667,{'Henry Jackman'}
tt3741700,Godzilla: King of the Monsters,2019,386600138.0,6VQkLK6fJO8hFJmEF5dJz4,Godzilla: King of the Monsters (Original Motion Picture Soundtrack),2019,127.0,45,26.846153846153847,698,26,5853059,97.55098333333333,{'Bear McCreary'}
tt0259324,Ghost Rider,2007,228738393.0,4InWg8jlM3KKhYA172ysm3,Ghost Rider (Original Motion Picture Soundtrack),2007,127.0,21,11.333333333333334,170,15,3516021,58.60035,{'Christopher Young'}
tt1489889,Central Intelligence,2016,216972543.0,6nL0wKTFQPr8OqkHuVAqBm,Central Intelligence (Original Motion Picture Soundtrack),2016,127.0,11,1.8333333333333333,55,30,2624439,43.74065,"{'Theodore Shapiro, Ludwig Göransson'}"
tt0120611,Blade,1998,131183530.0,1mObG34WoiMVzNqlzl3LTf,Blade (Original Motion Picture Score),1998,127.0,7,4.571428571428571,32,7,2011198,33.51996666666667,{'Mark Isham'}
tt0844471,Cloudy with a Chance of Meatballs,2009,242988466.0,02fC1zrM190lj46sEnBbVk,Cloudy with a Chance of Meatballs (Original Motion Picture Soundtrack),2009,127.0,29,12.181818181818182,402,33,3953402,65.89003333333334,{'Mark Mothersbaugh'}
tt1731141,Ender's Game,2013,125537191.0,1Gg3Ri53uoV4dA3mJjvYFg,Ender's Game (Original Motion Picture Score),2013,127.0,42,24.19047619047619,508,21,4250153,70.83588333333333,{'Steve Jablonsky'}
tt3631112,The Girl on the Train,2016,173185859.0,0aJunqdnGu5CpX8J9ModF0,The Girl on the Train (Original Motion Picture Soundtrack),2016,127.0,17,7.190476190476191,151,21,3125956,52.099266666666665,{'Danny Elfman'}
tt0338526,Van Helsing,2004,300257475.0,4VckGtju6IjUW2SbRl4FTb,Van Helsing (Original Motion Picture Soundtrack),2004,127.0,33,22.416666666666668,269,12,2573983,42.89971666666667,{'Alan Silvestri'}
tt1645170,The Dictator,2012,179379533.0,2SJ2LBF9dis5ebPT9MBlB7,The Great Dictator (Original Motion Picture Soundtrack),1940,115.0,10,1.3181818181818181,29,22,2141040,35.684,{'Charlie Chaplin'}
tt0286716,Hulk,2003,245360480.0,2UhDH62NhBDPscvu0NAUiU,Hulk (Original Motion Picture Soundtrack),2003,127.0,30,16.157894736842106,307,19,3830940,63.849,{'Danny Elfman'}
tt2316411,Enemy,2013,3396726.0,1FgnI6SiXdyACQvIGsMnol,Enemy (Original Soundtrack Album),2014,127.0,9,3.375,54,16,3613329,60.22215,{'Danny Bensi and Saunder Jurriaans'}
tt2704998,Game Night,2018,117501013.0,5EYIV3XGBw3T35HaucFdn5,Game Night (Original Motion Picture Soundtrack),2018,127.0,12,4.0,80,20,2685722,44.762033333333335,{'Cliff Martinez'}
tt2788710,The Interview,2014,12342632.0,5C1IKxhB32SC2sZlQkpLAu,The Lost Interview Tapes Featuring Jim Morrison - Volume Two: The Circus Magazine Interview,2006,115.0,15,3.6341463414634148,149,41,3485054,58.08423333333333,{'The Doors'}
tt0386588,Hitch,2005,371600000.0,0yRWGPUETCPmETe7TCalhC,Hitch - Music From The Motion Picture,2005,127.0,28,9.846153846153847,128,13,2936117,48.93528333333333,{'Various Artists'}
tt0337978,Live Free or Die Hard,2007,383531464.0,5IjRGizzJBfWGBnFs4BaO9,Live Free Or Die Hard (Original Motion Picture Soundtrack),2007,119.3076923076923,10,3.2857142857142856,69,21,3797928,63.2988,{'Marco Beltrami'}
tt4196776,Jason Bourne,2016,415484914.0,7JF5Zf7E7hcu1RUmqoo1CI,Jason Bourne (Original Motion Picture Soundtrack),2016,127.0,29,18.625,298,16,3682847,61.38078333333333,"{'John Powell, David Buckley'}"
tt2446042,Taken 3,2014,325771424.0,3BNqisvQYLAavVjDdO9jty,Taken 3 (Original Motion Picture Soundtrack),2015,127.0,0,0.0,0,23,4140023,69.00038333333333,{'Nathaniel Méchaly'}
tt2510894,Hotel Transylvania 2,2015,473226958.0,1dKfLTpxDSRukwSGkgGm9J,Hotel Transylvania 3,2018,95.0,46,49.0,147,3,453028,7.550466666666667,{'Tiësto'}
tt1194173,The Bourne Legacy,2012,276572938.0,2mLdf7gvnWAvFEYWyLwblU,The Bourne Legacy (Original Motion Picture Soundtrack),2012,127.0,20,9.384615384615385,244,26,3812111,63.535183333333336,{'James Newton Howard'}
tt0489099,Jumper,2008,222231186.0,2P5mxumj1UpU9flnXaR971,Jumper (Original Motion Picture Soundtrack),2008,127.0,15,5.190476190476191,109,21,2659740,44.329,{'John Powell'}
tt1972591,King Arthur: Legend of the Sword,2017,148675066.0,1OVF4Ls0TgBVe8rMdUqcyz,King Arthur: Legend of the Sword (Original Motion Picture Soundtrack),2017,127.0,50,32.5625,1042,32,5478348,91.3058,{'Daniel Pemberton'}
tt2267968,Kung Fu Panda 3,2016,521170825.0,35vf79jnOBG3WZHQTzIl6a,Kung Fu Panda 3 (Music from the Motion Picture),2016,127.0,45,26.217391304347824,603,23,4166941,69.44901666666667,{'Hans Zimmer'}
tt0109040,Ace Ventura: Pet Detective,1994,107217396.0,2RikAdl7eltWGLczc7OBC3,"Ace Ventura Theme (From ""Ace Ventura: Pet Detective TV Series"") [Acapella]",2023,100.0,0,1.0,1,1,61428,1.0238,{'Mr Dooves'}
tt0114148,Pocahontas,1995,346079773.0,4ddvFk8agFfRkkcVwR8sJH,Pocahontas Original Soundtrack (English Version),1995,127.0,44,26.357142857142858,738,28,3381603,56.36005,{'Various Artists'}
tt1092026,Paul,2011,97984015.0,1KbBR9XyxgMvE7kGShNr0f,John Paul Jones (The Original 1959 Motion Picture Soundtrack),2011,127.0,0,0.0,0,12,2223996,37.0666,{'Muir Mathieson & The Sinfonia Of London'}
tt0099423,Die Hard 2,1990,240031094.0,0KSauWzFg5NWRNIsmod55w,Die Hard 2: Die Harder (Original Motion Picture Soundtrack),1990,115.88888888888889,8,4.090909090909091,45,11,1987531,33.12551666666667,{'Michael Kamen'}
tt1564367,Just Go with It,2011,214945591.0,1qnDfXTYFZwwHONDKZn5rz,Just Go with It,2015,100.0,2,0.4,4,10,2072970,34.5495,{'The Hillbilly Way'}
tt3606752,Cars 3,2017,383925276.0,2pBzQQ2NGZSIFv9ehTROhS,Cars 3 (Original Motion Picture Soundtrack),2017,127.0,50,44.875,359,8,1723450,28.724166666666665,{'Various Artists'}
tt5140878,Annabelle: Creation,2017,306515884.0,0Uykb3W5n22wvmSI61IxdX,Annabelle: Creation (Original Motion Picture Soundtrack),2017,127.0,29,5.833333333333333,140,24,2920896,48.6816,{'Benjamin Wallfisch'}
tt0401729,John Carter,2012,284139100.0,5OYNkhIL7HEUgFDR4lhPxn,John Carter,2012,112.0,19,9.263157894736842,176,19,4444673,74.07788333333333,{'Michael Giacchino'}
tt8041270,Jurassic World Dominion,2022,1001978080.0,3feJsFGLjtwBq3sFWPdQ3r,Jurassic World Dominion (Original Motion Picture Soundtrack),2022,127.0,32,17.46875,559,32,6439763,107.32938333333334,{'Michael Giacchino'}
tt1583421,G.I. Joe: Retaliation,2013,371876278.0,5TVADxntOlIVQnkStD07at,G.I. Joe: Retaliation (Music From The Motion Picture),2013,127.0,15,5.947368421052632,113,19,3374938,56.24896666666667,{'Henry Jackman'}
tt0980970,The Chronicles of Narnia: The Voyage of the Dawn Treader,2010,415686217.0,0L2WN9LAyXX4ESG8BcDmPc,The Chronicles of Narnia: The Voyage of the Dawn Treader (Original Motion Picture Soundtrack),2010,127.0,39,22.366666666666667,671,30,4325962,72.09936666666667,{'David Arnold'}
tt1560220,Zombieland: Double Tap,2019,122801777.0,3GTFC6xIEHVT3ZK3ZFSKYQ,Zombieland: Double Tap (Original Motion Picture Soundtrack),2019,127.0,17,0.8222222222222222,37,45,3156892,52.614866666666664,{'David Sardy'}
tt0119528,Liar Liar,1997,302710615.0,5j2oDbWO2JuaEgkEFn9cAM,The Liar and His Lover (Original Television Soundtrack),2017,115.0,26,10.75,258,24,4632756,77.2126,{'Various Artists'}
tt0286106,Signs,2002,408247917.0,2rnZvLP8OzcNSNzUXbmGm7,Signs (Original Soundtrack),2002,127.0,28,19.46153846153846,253,13,2732320,45.538666666666664,{'James Newton Howard'}
tt1979388,The Good Dinosaur,2015,332207671.0,2N6behUxuH2T3YUBoAjJkM,The Good Dinosaur (Original Motion Picture Soundtrack),2015,127.0,37,20.9,627,30,3816324,63.6054,"{'Mychael Danna, Jeff Danna'}"
tt7991608,Red Notice,2021,178143.0,6jFhGRE8xwFtDCydkezUjD,Red Notice (Soundtrack from the Netflix Film),2021,127.0,13,3.92,98,25,4214469,70.24115,{'Steve Jablonsky'}
tt1440129,Battleship,2012,303025485.0,7yLTd41UsnvIa78sA6HD6H,Battleship (Original Motion Picture Soundtrack),2012,127.0,33,18.791666666666668,451,24,4657874,77.63123333333333,{'Steve Jablonsky'}
tt1234721,RoboCop,2014,242688965.0,3VhCDrzfvGz8mzeikye8hC,RoboCop (Original Motion Picture Soundtrack),2014,127.0,14,2.92,73,25,3277548,54.6258,{'Pedro Bromfman'}
tt0317740,The Italian Job,2003,176070171.0,1jhz2cE3lqdMiKVobhEO3X,The Italian Job (Original Motion Picture Soundtrack),2003,127.0,21,12.2,183,15,2546755,42.44591666666667,{'John Powell'}
tt0944835,Salt,2010,293329073.0,7upOHndnOPN2DaAo6UZhDA,Salt (Original Motion Picture Score),2010,127.0,13,4.857142857142857,102,21,3761659,62.694316666666666,{'James Newton Howard'}
tt1386703,Total Recall,2012,198802074.0,1O8oZsZFBM9TFPXUh9zuIe,Total Recall (Original Motion Picture Soundtrack),2012,127.0,13,5.2,104,20,3391288,56.52146666666667,{'Harry Gregson-Williams'}
tt2209764,Transcendence,2014,103039258.0,5YIObraTgbflpLUNWxFQEu,Transcendence (Original Motion Picture Soundtrack),2014,127.0,15,4.681818181818182,103,22,3585165,59.75275,{'Mychael Danna'}
tt1243957,The Tourist,2010,278731369.0,4mTNGNRf1JANZXVvBxowfL,The Tourist (Original Motion Picture Soundtrack),2010,127.0,26,11.818181818181818,260,22,3856925,64.28208333333333,{'James Newton Howard'}
tt0461770,Enchanted,2007,340487652.0,5aTAxrjE3uTFPaMl42qPqX,Beauty and the Beast: The Enchanted Christmas (Original Soundtrack),1998,115.0,20,9.277777777777779,167,18,2804806,46.746766666666666,{'Various Artists'}
tt2848292,Pitch Perfect 2,2015,287506194.0,1Us79qhfgvZlWTuWBClLmR,Pitch Perfect 2 (Original Motion Picture Soundtrack),2015,127.0,54,40.333333333333336,726,18,2620127,43.66878333333333,{'Various Artists'}
tt0195714,Final Destination,2000,112880294.0,0Q4proTyHWGHk3Tkrf0OGq,The Final Destination (Original Motion Picture Soundtrack),2009,115.0,27,5.043478260869565,116,23,3875045,64.58408333333334,{'Brian Tyler'}
tt0103644,Alien³,1992,159773545.0,490i1hn8BjKIiUbaolvRdS,Alien,2020,90.9090909090909,41,53.0,53,1,138638,2.3106333333333335,{'Dennis Lloyd'}
tt1231583,Due Date,2010,211780824.0,41ZYRcORyDqsw6PEiChCu3,Due Date (Original Motion Picture Soundtrack),2010,127.0,2,0.6666666666666666,8,12,2197969,36.63281666666666,{'Various Artists'}
tt0983193,The Adventures of Tintin,2011,373993951.0,3nZbLNMtn9PLjxewl69Tbn,The Adventures of Tintin (Music from the Motion Picture),2011,127.0,26,15.333333333333334,276,18,3930621,65.51035,{'John Williams'}
tt10838180,The Matrix Resurrections,2021,156497322.0,6RjA1eIgIas30qqvsu0X9W,The Matrix Resurrections (Original Motion Picture Soundtrack),2021,127.0,25,10.885714285714286,381,35,8834695,147.24491666666665,"{'Johnny Klimek, Tom Tykwer'}"
tt0116996,Mars Attacks!,1996,101371017.0,6nKlYsgBZlC56sDhMy0V59,Mars Attacks!,2022,100.0,0,2.0,2,1,180923,3.0153833333333333,{'Space Surimi'}
tt1922777,Sinister,2012,82515113.0,4isNDcdh05jGd91v2h6tbC,Sinister (Original Motion Picture Soundtrack),2012,127.0,22,12.615384615384615,164,13,3653515,60.89191666666667,{'Christopher Young'}
tt2024469,Non-Stop,2014,222809600.0,0CCWuPNA0i5iYY1Vgqnzfx,Megamix Fitness Soundtracks Hits for Step 02 (25 Tracks Non-Stop Mixed Compilation for Fitness & Workout 132 BPM),2018,115.0,28,12.68,317,25,3594991,59.916516666666666,{'Various Artists'}
tt1213663,The World's End,2013,46089287.0,4k2ioumcJqwYqHmamDMSeQ,The World's End (Original Motion Picture Soundtrack),2013,127.0,0,0.16666666666666666,3,18,2921568,48.6928,{'Various Artists'}
tt0399201,The Island,2005,162949164.0,0KRdwpsJJjZXq5spIpVXse,The Island (Original Motion Picture Soundtrack),2005,127.0,43,14.666666666666666,220,15,3373368,56.2228,{'Steve Jablonsky'}
tt0443453,Borat: Cultural Learnings of America for Make Benefit Glorious Nation of Kazakhstan,2006,262552893.0,1nyPtwPAc6JxGjTNnPdkXY,Collage: An Electronic Tribute to Timeless Israeli Music,2020,36.76470588235294,18,13.0,104,8,2527908,42.1318,{'Omri Smadar'}
tt0102057,Hook,1991,300855000.0,2SNJN8cmx15IVdSa5jJCVR,Hook (Original Motion Picture Soundtrack),1991,127.0,37,26.705882352941178,454,17,4517675,75.29458333333334,{'John Williams'}
tt0172156,Bad Boys II,2003,273339556.0,5JGcMPWPvIHyohKoVwrtaf,Bad Boys II,2020,100.0,0,2.0,2,1,203871,3.39785,{'Dod'}
tt4094724,The Purge: Election Year,2016,118587880.0,1tBpUmTcdL76JSC1UlVwAb,The Purge: Election Year (Original Motion Picture Soundtrack),2016,127.0,7,1.28,32,25,4140709,69.01181666666666,{'Nathan Whitehead'}
tt0293662,The Transporter,2002,43928932.0,5kb5uY7Zh1TpyNI0hFwxqV,The Transporter (Original Motion Picture Score),2002,127.0,27,14.333333333333334,172,12,2403196,40.053266666666666,{'Stanley Clarke'}
tt0448011,Knowing,2009,155446362.0,2KLcQkBJmOM1scfEgkP4HG,Knowing (Original Motion Picture Soundtrack),2009,127.0,5,1.0454545454545454,23,22,3941433,65.69055,{'Marco Beltrami'}
tt1706593,Chronicle,2012,145000000.0,04wngi30Qap95fjcdn7SbC,Chaotic Chronicle (Lineage2 Original Soundtrack),2011,127.0,49,34.125,819,24,3032148,50.5358,"{'Bill Brown, Jamie Christopherson'}"
tt3622592,Paper Towns,2015,85512300.0,5mqv2wUjO0LcioZxtPz4Sw,Music From The Motion Picture Paper Towns,2015,127.0,34,18.3125,293,16,3661166,61.01943333333333,{'Various Artists'}
tt1854564,Percy Jackson: Sea of Monsters,2013,199850315.0,4j3LkS0RxqTjZ9YIsbBBd6,Percy Jackson: Sea of Monsters,2013,112.0,23,11.095238095238095,233,21,4139820,68.997,"{'Andrew Lockington, Tiff Randol'}"
tt0432348,Saw II,2005,147748505.0,58VOhliIX2HzGx81CpESbf,"II Saw Live Dopapod, Evil Was II",2017,100.0,8,3.5714285714285716,50,14,8817036,146.9506,{'Dopapod'}
tt1211956,Escape Plan,2013,137328301.0,1WBnxZW4UFsVprmTpqcd0t,Escape Plan (Original Motion Picture Soundtrack),2013,127.0,2,0.3125,5,16,4097593,68.29321666666667,{'Alex Heffes'}
tt4052882,The Shallows,2016,119100758.0,6RzkApqjpQoLl8EkaEWStv,Are Wading In The Shallows,2016,112.0,0,0.0,0,12,2854049,47.567483333333335,{'Protestant Work Ethic'}
tt0974661,17 Again,2009,136316880.0,04wCkerTgKSEMpFKBlawGK,17 Again (Score from the Original Motion Picture Soundtrack),2009,127.0,8,1.7826086956521738,41,23,2234794,37.246566666666666,{'Rolfe Kent'}
tt0411477,Hellboy II: The Golden Army,2008,160388063.0,1RhxwQbwNN6cLC2CT8wuKU,Hellboy II: The Golden Army (Original Motion Picture Soundtrack / Deluxe Edition),2024,115.0,12,2.41025641025641,94,39,4934148,82.2358,{'Danny Elfman'}
tt0112462,Batman Forever,1995,336529144.0,0spj37rsbMPP9FvJQ27M78,The Dark Knight (Main Theme) / Batman Forever Theme (Medley),1995,112.0,0,2.0,2,1,215125,3.5854166666666667,{'EpicTrailerMusicUK'}
tt0465234,National Treasure: Book of Secrets,2007,459242249.0,0MlB0j9pme5zL2IxTTZWAM,National Treasure: Book of Secrets (Original Motion Picture Soundtrack),2007,127.0,33,21.0,168,8,1358931,22.64885,{'Trevor Rabin'}
tt0337563,13 Going on 30,2004,96455697.0,70XoQicbcKcJnQMQkWYJUj,13 Going on 30,2024,100.0,0,0.0,0,1,120165,2.00275,{'BLLA'}
tt0366548,Happy Feet,2006,384335608.0,1GXcXLX1wsk3OPp7nahdtF,Happy Feet Music From the Motion Picture,2006,127.0,41,29.76923076923077,387,13,2863314,47.7219,{'Various Artists'}
tt2034800,The Great Wall,2016,331957105.0,0qnuB2SLXCZuZGzCzSLOvA,The Great Wall (Original Soundtrack Album),2017,127.0,26,13.6,272,20,3995500,66.59166666666667,{'Ramin Djawadi'}
tt0287978,Daredevil,2003,179179718.0,3uRGBRas3r4Bfe9Rwno3dT,Daredevil (Original Motion Picture Score),2003,127.0,17,8.133333333333333,122,15,2417289,40.28815,{'Graeme Revell'}
tt1025100,Gemini Man,2019,173469516.0,4vwlVWgD8PnxnVvXpAr2eC,Gemini Man (Music from the Motion Picture),2019,127.0,11,3.7058823529411766,63,17,3710235,61.83725,{'Lorne Balfe'}
tt0409847,Cowboys & Aliens,2011,174822325.0,0Sud6ce6Jru0Scn6fbBMiD,Cowboys & Aliens (Original Motion Picture Soundtrack),2011,127.0,18,6.588235294117647,112,17,3449569,57.49281666666667,{'Harry Gregson-Williams'}
tt1028528,Death Proof,2007,31126421.0,792e32l3F2OKtZdu8OSYzn,Quentin Tarantino's Death Proof (Standard Version),2007,112.0,27,3.625,58,16,2288621,38.143683333333335,{'Various Artists'}
tt0339291,Lemony Snicket's A Series of Unfortunate Events,2004,209073645.0,3APjdBSpcHFNPYwQwlUZlb,Lemony Snicket's: A Series of Unfortunate Events (Music from the Motion Picture),2004,115.0952380952381,35,17.79310344827586,516,29,4132988,68.88313333333333,{'Thomas Newman'}
tt1634106,Bloodshot,2020,39861118.0,2JKrVTjzJlJ4QokvSYJPyf,Bloodshot,2020,112.0,34,25.0,200,8,1846912,30.781866666666666,{'Villain of the Story'}
tt0117509,Romeo + Juliet,1996,147298761.0,3JJjncKIUK5hRrDsAS0g80,"Romeo and Juliet Theme (From ""Romeo and Juliet"" Soundtrack)",2014,107.3076923076923,5,13.0,13,1,175473,2.92455,{'Hanny Williams'}
tt1179904,Paranormal Activity,2007,193355800.0,1rE2qnD8f2nIm1BSAejg5I,Paranormal Activity,2010,100.0,20,3.8,95,25,4596792,76.6132,{'Soulja Boy'}
tt1343727,Dredd,2012,41037742.0,6xur3phmbhjucMsx1Dclf0,Dredd (Original Motion Picture Soundtrack),2012,127.0,31,17.59090909090909,387,22,3096443,51.60738333333333,{'Paul Leonard-Morgan'}
tt1648190,The Dark Tower,2017,113231078.0,4ipFP2Pe14Vw5MjcOJMLxo,The Dark Tower (Original Motion Picture Soundtrack),2017,127.0,15,4.793103448275862,139,29,4013954,66.89923333333333,{'Junkie XL'}
tt1351685,Jack the Giant Slayer,2013,197687603.0,1Qu7mmFs2uIq52PRXy8eYE,Jack The Giant Slayer (Original Motion Picture Soundtrack),2013,116.47368421052632,13,3.5,77,22,4380404,73.00673333333333,{'John Ottman'}
tt2554274,Crimson Peak,2015,74679822.0,1h4VIVpLvycmVgk021TBpM,Crimson Peak (Original Motion Picture Soundtrack),2015,127.0,36,16.194444444444443,583,36,4505308,75.08846666666666,{'Fernando Velázquez'}
tt6450804,Terminator: Dark Fate,2019,261119292.0,0ryTnqLdxn7Rm1nssVSnDj,Terminator: Dark Fate (Music from the Motion Picture),2019,127.0,23,10.555555555555555,190,18,3483721,58.062016666666665,{'Junkie XL'}
tt3766354,The Equalizer 2,2018,190400157.0,4IC9jpEBDEfgUZJgONhV1q,The Equalizer 2 (Original Motion Picture Soundtrack),2018,127.0,26,17.571428571428573,246,14,2555235,42.58725,{'Harry Gregson-Williams'}
tt0963966,The Sorcerer's Apprentice,2010,215283742.0,3tRYZcA70RwZlc18H058JZ,Sorcerer's Apprentice (Original Motion Picture Soundtrack),2010,118.30434782608695,33,6.7272727272727275,148,22,2614128,43.5688,{'Trevor Rabin'}
tt0243155,Bridget Jones's Diary,2001,281929795.0,5OEyO2NN7PSAJoXywIDbws,Bridget Jones's Diary (Music From The Motion Picture),2001,127.0,40,21.4,321,15,3538369,58.97281666666667,{'Various Artists'}
tt0884328,The Mist,2007,57470220.0,5GyEmXROorx5SFtghx5hjy,In The Electric Mist (Original Motion Picture Soundtrack),2009,121.0,12,2.875,46,16,2106408,35.1068,{'Marco Beltrami'}
tt0118688,Batman & Robin,1997,238207122.0,4TdL0DO1gcvKrpSm6JOVZM,Batman & Robin (Music From And Inspired By The Motion Picture),1997,112.0,21,5.6,84,15,4040075,67.33458333333333,{'Various Artists'}
tt5758778,Skyscraper,2018,292351275.0,5WLhBxjOgwVWJFMzRk6DOQ,Skyscraper Soundtrack,2023,115.0,19,15.5,31,2,334257,5.57095,{'Sound Artique'}
tt2333784,The Expendables 3,2014,214700000.0,3Foc7zr7oOMBeMRURHNcc2,The Expendables 3 (Soundtrack Whistle),2014,127.0,3,9.0,9,1,128626,2.1437666666666666,{'EPM Crew'}
tt7959026,The Mule,2018,174804407.0,1rzi47KfzqK9Zir69XPixv,The Mule (Original Soundtrack),2015,115.0,4,0.7647058823529411,13,17,3390575,56.50958333333333,{'Various Artists'}
tt0129387,There's Something About Mary,1998,369884651.0,6PZfnF4TVHkwQuHxlK9P25,There's Something About Mary - Single,2011,100.0,0,0.0,0,2,432932,7.215533333333333,{'The Hit Parade'}
tt0247638,The Princess Diaries,2001,165335153.0,5kLlsgivbVFDYAngLjfEZZ,The Princess Diaries,2001,112.0,47,29.6,740,25,1830925,30.515416666666667,{'John Debney'}
tt2381991,The Huntsman: Winter's War,2016,164989338.0,6uoPUiBJphK4rRgJMF8hwM,The Huntsman: Winter's War (Original Motion Picture Soundtrack),2016,127.0,23,10.0,220,22,4466551,74.44251666666666,{'James Newton Howard'}
tt2719848,Everest,2015,203427584.0,0QjHgymCkjqHShm0iSyrEP,Everest (Original Motion Picture Soundtrack),2015,127.0,41,24.5,392,16,2941087,49.018116666666664,{'Dario Marianelli'}
tt0252866,American Pie 2,2001,287553595.0,6F46TB38Y9UyQG6SSa3B7v,American Pie 2 (Music From The Motion Picture),2001,127.0,18,6.625,106,16,3167781,52.79635,{'Various Artists'}
tt1817273,The Place Beyond the Pines,2013,47135966.0,68J4KvvKC3mRGpR050SnMS,The Place Beyond the Pines (Original Motion Picture Soundtrack),2013,127.0,28,13.117647058823529,223,17,3530634,58.8439,{'Mike Patton'}
tt2557478,Pacific Rim: Uprising,2018,290061297.0,6fKR0PiTZLqXdwiWRNsbTF,Pacific Rim Uprising (Original Soundtrack Album),2018,113.48648648648648,22,7.92,198,25,4561678,76.02796666666667,"{'Lorne Balfe, Rob Kleiner'}"
tt0258000,Panic Room,2002,197079546.0,6gDOZ0vMWm5PDUGGZ5pEUX,Panic Room (Original soundtrack),2023,115.0,0,0.0,0,10,2076949,34.61581666666667,{'Javier Casado Sudupe'}
tt0389790,Bee Movie,2007,287594577.0,2WJGxbuv5yZAZXfPgdExpS,The Bee Movie,2022,100.0,5,3.25,26,8,2466502,41.10836666666667,{'Gibi ASMR'}
tt2005151,War Dogs,2016,86234523.0,2zkBZrMceSuBn9b18CIdxc,개와 고양이 전쟁(World War : Dogs vs Cats Soundtrack),2024,115.0,0,0.0,0,1,131959,2.199316666666667,{'AlgoContent'}
tt0120630,Chicken Run,2000,224834564.0,5gwkw8fqeUNSeNwL6iovyI,Chicken Run,2000,112.0,32,17.6,352,20,3761311,62.688516666666665,{'Original Soundtrack'}
tt3393786,Jack Reacher: Never Go Back,2016,162146076.0,3rqchtMQUsLAaJO5EBQaia,Jack Reacher: Never Go Back (Music from the Motion Picture),2016,127.0,11,3.4705882352941178,59,17,3108848,51.81413333333333,{'Henry Jackman'}
tt2283336,Men in Black: International,2019,253890701.0,6lvNxroYHcrVaI4NO8uokn,Men in Black: International (Original Motion Picture Score),2019,127.0,10,2.423076923076923,63,26,3275922,54.5987,"{'Danny Elfman, Chris Bacon, Danny Elfman & Chris Bacon'}"
tt0373051,Journey to the Center of the Earth,2008,101702060.0,5X4ITwvUv2BIwI5jwMSqSF,Journey to the Center of the Earth Soundtrack Score Suite (From 'Journey to the Center of the Earth' Original Soundtrack),2013,115.0,0,1.0,1,1,822079,13.701316666666667,{'Bernard Herrmann'}
tt1981128,Geostorm,2017,221600160.0,4jEzoVWfiEpPDlBCg1Cw3B,Geostorm (Original Motion Picture Soundtrack),2017,127.0,17,5.9375,95,16,3147779,52.462983333333334,{'Lorne Balfe'}
tt0290002,Meet the Fockers,2004,516642939.0,2FODBgFKOkrMNaVfEkh6XL,Meet The Fockers (Original Motion Picture Soundtrack),2001,100.71428571428571,15,6.25,75,12,2243330,37.38883333333333,{'Randy Newman'}
tt2334879,White House Down,2013,205366737.0,4zTFFetjqL4vN1QYQLqPYl,White House Down (Original Motion Picture Soundtrack),2013,127.0,8,2.0,44,22,2613524,43.558733333333336,"{'Thomas Wander, Harald Kloser'}"
tt3300542,London Has Fallen,2016,205754447.0,0fIy6endj94nIdrdnhZhPH,London Has Fallen (Original Motion Picture Soundtrack),2016,127.0,20,7.541666666666667,181,24,3437580,57.293,{'Trevor Morris'}
tt1284575,Bad Teacher,2011,216197492.0,6LnPEFxxqS311MfmbCn6cQ,Bad Teacher,2024,100.0,2,8.0,8,1,192000,3.2,"{'Donny Duardo, MC V.E.G.A'}"
tt0978764,Sucker Punch,2011,89792502.0,4tZDwN2NOtYDJn89BykDWs,Sucker Punch (Original Motion Picture Soundtrack),2011,127.0,43,29.88888888888889,269,9,2947970,49.13283333333333,{'Various Artists'}
tt1411238,No Strings Attached,2011,149228077.0,1Z0mYDCeQYESsquSPBtJY5,No Strings Attached (Original Motion Picture Score),2011,127.0,4,5.333333333333333,16,3,283559,4.725983333333334,{'John Debney'}
tt0118583,Alien Resurrection,1997,162000000.0,0pZ5G0Fz69GcgDhda0gMTg,Alien Resurrection,2020,100.0,0,0.0,0,8,1509758,25.162633333333332,{'New Age Aliens'}
tt3567288,The Visit,2015,98450062.0,1H809iYP6qQ2tPl8pzJqi3,The Visit (Original Motion Picture Soundtrack),2021,115.0,0,0.0,0,6,512981,8.549683333333334,{'Joseph Stevenson'}
tt1464540,I Am Number Four,2011,149878437.0,7eItTQblHGxjRL8c17UCu1,I Am Number Four (Original Motion Picture Soundtrack),2011,127.0,12,3.142857142857143,66,21,2663835,44.39725,{'Trevor Rabin'}
tt0453467,Déjà Vu,2006,180557550.0,5VDJ4bl5nB9mh15wVAFEsp,Deathloop: Déjà Vu (Original Trailer Soundtrack),2021,115.0,15,25.0,25,1,227861,3.7976833333333335,{'Sencit'}
tt0185937,The Blair Witch Project,1999,248639099.0,4IJEuh70SB2aM1xx82n30x,The Blair Witch Project (Original Motion Picture Soundtrack),2023,115.0,0,0.0,0,1,64000,1.0666666666666667,{'Sample Sound Effects Agency'}
tt1502407,Halloween,2018,259900000.0,5CKWm3CJVrTSttgNyX90LM,Halloween (Original 2018 Motion Picture Soundtrack),2018,127.0,43,25.285714285714285,531,21,2616266,43.60443333333333,"{'John Carpenter, Cody Carpenter, Daniel Davies'}"
tt0230011,Atlantis: The Lost Empire,2001,186053725.0,5mkMnwIpLibABWXO8hKYXq,Atlantis: The Lost Empire,2001,127.0,34,21.88888888888889,394,18,3245116,54.08526666666667,{'James Newton Howard'}
tt0187738,Blade II,2002,155010032.0,2ijiM828bv0mFMboQapT4H,Blade II (Original Motion Picture Score),2002,127.0,18,5.25,84,16,2025063,33.75105,{'Marco Beltrami'}
tt0123755,Cube,1997,8969065.0,3VCLZd2Hi7z8qQAMwc3jf7,Cube Escape: The Cave (Original Soundtrack),2018,115.0,15,12.428571428571429,87,7,646187,10.769783333333333,{'Victor Butzelaar'}
tt0212985,Hannibal,2001,351692268.0,6JgvWFkxKiG6Z2rDWZCLGV,Hannibal - Original Motion Picture Soundtrack,2001,127.0,34,19.833333333333332,238,12,3253756,54.22926666666667,{'Various Artists'}
tt1046173,G.I. Joe: The Rise of Cobra,2009,302469017.0,5QDl6pcu66ylqModj0wBvb,G.I. Joe: The Rise Of Cobra (Score From The Motion Picture),2009,106.11764705882354,11,4.0,84,21,4313458,71.89096666666667,{'Alan Silvestri'}
tt0478087,21,2008,159808370.0,5CTgv1GrPAD3tl8kyWfgcP,Music From the Motion Picture 21,2008,127.0,27,5.4,81,15,3839277,63.98795,{'Various Artists'}
tt5886046,Escape Room,2019,155712077.0,1yXOzWB0hCBauFXgzirYfu,Escape Room 2 (Original Soundtrack),2020,127.0,0,0.2,2,10,1931665,32.19441666666667,{'Team Escape Room'}
tt0429493,The A-Team,2010,177238796.0,56EVsVNT3YnBLbBJzQm1aM,The A-Team (Original Motion Picture Score),2010,127.0,12,4.625,74,16,4357527,72.62545,{'Alan Silvestri'}
tt0278504,Insomnia,2002,113714830.0,4tW85aLwENdeey4eAM66DO,Insomnia (Original Motion Picture Soundtrack),2002,127.0,22,8.166666666666666,147,18,3425994,57.0999,{'David Julyan'}
tt0887883,Burn After Reading,2008,163720069.0,6FVnhjhF7SI5r8a0AmpXh9,Burn After Reading (Original Motion Picture Soundtrack),2008,127.0,9,2.739130434782609,63,23,2169979,36.16631666666667,{'Carter Burwell'}
tt0892782,Monsters vs Aliens,2009,381509870.0,2FbheZ3n5mcW2JujOwl6f9,Monsters vs. Aliens (Music from the Motion Picture),2016,105.9090909090909,13,4.7,94,20,3952530,65.8755,{'Various Artists'}
tt1571234,Mortal Engines,2018,83869818.0,1WeHH6oAWDbC3t6m5X4T2a,Mortal Engines (Original Motion Picture Soundtrack),2018,127.0,22,10.3,206,20,4219100,70.31833333333333,{'Junkie XL'}
tt1538403,The Mortal Instruments: City of Bones,2013,95396573.0,2BLgCI5sxPWSQGMB3B3Ogf,The Mortal Instruments: City of Bones (Original Motion Picture Soundtrack),2013,127.0,38,23.636363636363637,260,11,2560982,42.683033333333334,{'Various Artists'}
tt6294822,The Post,2017,179769467.0,3cTpZRRZFh3TkmSohIu9iD,The Post (Original Motion Picture Soundtrack),2017,127.0,17,11.4,114,10,2413050,40.2175,{'John Williams'}
tt0112642,Casper,1995,287928194.0,2TlNQCC5GKsHNScwwAf4ft,Casper,1995,112.0,35,20.133333333333333,302,15,4395495,73.25825,{'James Horner'}
tt3829266,The Predator,2018,160542134.0,3868ciTlWAjtqnCqr6a8rG,The Predator (Original Motion Picture Soundtrack),2018,127.0,12,4.04,101,25,3295236,54.9206,{'Henry Jackman'}
tt0955308,Robin Hood,2010,321669741.0,1QN1oNiNm33SVenYlW7ADL,Robin Hood (Original Motion Picture Soundtrack),2010,127.0,53,37.45454545454545,824,22,3098551,51.642516666666666,{'Marc Streitenfeld'}
tt0385752,The Golden Compass,2007,372234864.0,5QMLbqDlXzjxJqvRp2pdBh,The Golden Compass (Original Motion Picture Soundtrack),2007,127.0,21,7.884615384615385,205,26,4430136,73.8356,{'Alexandre Desplat'}
tt1528100,Exodus: Gods and Kings,2014,268031828.0,25M7DqUz3Sr2mzO5A1FsW0,Exodus: Gods & Kings (Original Motion Picture Soundtrack),2014,117.0,21,7.5,240,32,4702403,78.37338333333334,"{'Alberto Iglesias, Nicholas Dodd, American Federation of Musicians, London Voices'}"
tt3640424,Allied,2016,119520023.0,4LxkwLRaq7FU1GC9LtvWj3,Allied (Music from the Motion Picture),2016,127.0,32,17.307692307692307,225,13,2554221,42.57035,{'Alan Silvestri'}
tt0257106,Scary Movie 2,2001,141220678.0,7E8RH5gy6VTpqudEpsGhhp,The Weed Plant Monster From Scary Movie 2 Is My FWB,2023,100.0,0,0.0,0,1,210928,3.5154666666666667,{'Cxltxn_Hxntxr'}
tt0435651,The Giver,2014,66980456.0,0AFO1wkqngzsxZHtKG2zaX,The Giver (Original Motion Picture Soundtrack),2014,127.0,23,11.8,236,20,2957194,49.286566666666666,{'Marco Beltrami'}
tt1288558,Evil Dead,2013,97542952.0,5VswaCj8hVc9Mx0sAoHfBS,Evil Dead (Original Motion Picture Soundtrack),2013,127.0,14,9.1,91,10,2437124,40.61873333333333,{'Roque Baños'}
tt1860357,Deepwater Horizon,2016,121790373.0,1sk6xVfdbnSayzg2E3Flc0,Deepwater Horizon Original Motion Picture Soundtrack,2016,127.0,28,13.928571428571429,195,14,3745414,62.423566666666666,{'Steve Jablonsky'}
tt1666801,The DUFF,2015,43528634.0,4Swc732ec8Kj3RuukLVCiK,The Ghost With The Duffle Bag,2024,69.54545454545455,0,0.0,0,14,2833460,47.224333333333334,"{'Tymonie, Gumpy'}"
tt0358082,Robots,2005,262511490.0,5jHf9gxi20OXvFNdpOE0gj,Robots (Original Motion Picture Score),2005,127.0,26,14.789473684210526,281,19,2631394,43.856566666666666,{'John Powell'}
tt1939659,Carrie,2013,82394288.0,3mtKzwJoOOLMQo3NhUhPbp,Carrie - Music From The Motion Picture,2013,127.0,7,2.9166666666666665,35,12,3031276,50.52126666666667,{'Various Artists'}
tt4287320,The Circle,2017,40651864.0,4iXtdUVXtKP0JdNr5v8mjW,The Circle (Original Motion Picture Soundtrack),2017,127.0,8,2.1904761904761907,46,21,2454925,40.915416666666665,{'Danny Elfman'}
tt3717490,Power Rangers,2017,142337240.0,5qxbDByCeEkh1LlZpzQxo7,Power Rangers (Original Motion Picture Soundtrack),2017,127.0,27,11.571428571428571,324,28,4697286,78.2881,{'Brian Tyler'}
tt1385826,The Adjustment Bureau,2011,127869379.0,4BSLcMFizPnapdz66fkGfM,The Adjustment Bureau (Original Motion Picture Soundtrack),2011,127.0,22,10.052631578947368,191,19,3392005,56.53341666666667,{'Thomas Newman'}
tt3416828,Ice Age: Collision Course,2016,408579038.0,57TXAjybUWVcjnHaoWUb28,Ice Age: Collision Course (Original Motion Picture Score),2016,127.0,11,2.9,87,30,3459058,57.65096666666667,{'John Debney'}
tt1067106,A Christmas Carol,2009,325286646.0,0G4Hk6ZTSXSz7sXKHe8QrV,A Christmas Carol OST,2009,127.0,10,2.7777777777777777,50,18,2741140,45.68566666666667,{'Various Artists'}
tt4438848,Neighbors 2: Sorority Rising,2016,108758521.0,0KhSaDKYmNuZHqhQNVsVA1,Black Skinhead / Party in My Pants (from Neighbors 2: Sorority Rising),2016,97.71428571428571,14,19.0,38,2,373200,6.22,{'Various Artists'}
tt1790885,Zero Dark Thirty,2012,132820716.0,4LhHD1W8uMuBOfweUhtQUe,Zero Dark Thirty (Original Soundtrack),2012,127.0,26,16.61111111111111,299,18,3160224,52.6704,{'Alexandre Desplat'}
tt1013743,Knight and Day,2010,261989769.0,6sgTAqh1jIfwWQ4YjTCGkN,Knight And Day,2010,104.85714285714286,18,8.647058823529411,147,17,3291609,54.86015,{'John Powell'}
tt0327084,Over the Hedge,2006,343397247.0,75YtKPrAXryZGBRwJdXvY0,Over the Hedge of the Word,2011,100.0,0,0.0,0,14,3133994,52.23323333333333,{'Various Artists'}
tt3532216,American Made,2017,133511855.0,3di7cnS7eIM3hOfm3X2INF,American Made (Original Motion Picture Soundtrack),2017,127.0,9,3.4166666666666665,41,12,2332675,38.877916666666664,{'Various Artists'}
tt1605630,American Reunion,2012,234989584.0,7AFDZeOagJxVmu0pqtPJlX,The Good Life : Featured On American Reunion: Original Motion Picture Soundtrack,2012,93.66666666666666,11,22.0,22,1,205605,3.42675,{'Hassahn Phenomenon'}
tt0120587,Antz,1998,171757863.0,3EleVK4vSjX5T3RoB5BlHB,Antz Nest Riddim,2025,100.0,25,18.6,93,5,1022406,17.0401,"{'Beenie Man, Red Rat, Alozade'}"
tt0952640,Alvin and the Chipmunks,2007,361366633.0,24yFz838FWY9h8uLUXSFnN,Alvin & The Chipmunks (Original Score from the Motion Picture),2008,117.47619047619048,3,0.4444444444444444,8,18,2147701,35.79501666666667,{'Christopher Lennertz'}
tt1152836,Public Enemies,2009,214104620.0,2MZQbXtKCvSMXNNu0gkF9q,Superman Batman: Public Enemies (Soundtrack From The DC Universe Animated Original Movie),2009,127.0,11,2.4583333333333335,59,24,3421899,57.03165,{'Christopher Drake'}
tt1860213,Dirty Grandpa,2016,94073028.0,43UsvoXDUB5F3TXsVrVFrR,Grandpa Like It Dirty,2022,100.0,0,0.0,0,1,209136,3.4856,{'Jeorgefromyard'}
tt1980209,Pain & Gain,2013,87305549.0,3DfiHDEbd55BgG7sY2yxkK,Pain & Gain (Music From The Motion Picture),2013,127.0,31,12.346153846153847,321,26,3983217,66.38695,{'Steve Jablonsky'}
tt0859163,The Mummy: Tomb of the Dragon Emperor,2008,403449830.0,35pXsO1Ipzv90a32XIz4Cv,The Mummy: Tomb Of The Dragon Emperor,2008,107.23809523809524,18,5.533333333333333,166,30,4664592,77.7432,{'Randy Edelman'}
tt1590193,The Commuter,2018,119942387.0,57G7LWu6NPKzh7BbBZZwyC,The Commuter (Original Motion Picture Soundtrack),2018,127.0,14,3.4375,55,16,4329208,72.15346666666667,{'Roque Baños'}
tt1478338,Bridesmaids,2011,288383523.0,59LqhOzYa1RPOxZtd2eC5v,Bridesmaids (Original Motion Picture Soundtrack),2011,127.0,17,4.769230769230769,62,13,2595356,43.25593333333333,{'Various Artists'}
tt0196229,Zoolander,2001,60780981.0,4hHQaKfH6NU6aT2ztfS1hu,A Night At the Roxbury & Zoolander Soundtracks (Music Inspired By the Films),2015,115.0,13,3.5789473684210527,68,19,4763653,79.39421666666667,{'The Cinematic Film Band'}
tt3861390,Dumbo,2019,353284621.0,2MmoEweTJheiCoiwohS8Yj,Dumbo (Original Motion Picture Soundtrack),2019,127.0,35,12.03448275862069,349,29,3669472,61.15786666666666,{'Danny Elfman'}
tt0267913,Scooby-Doo,2002,275650703.0,5BobIMS3CojORsCYNeVky7,Scooby-Doo 2: Monsters Unleashed,2004,106.0,31,4.538461538461538,59,13,3004796,50.07993333333334,{'Various Artists'}
tt0164912,Stuart Little,1999,300135367.0,26CsXyMBKI1rJsZ3qV5cnm,Stuart Little (Original Motion Picture Soundtrack),1999,127.0,18,8.714285714285714,122,14,3380327,56.33878333333333,{'Various Artists'}
tt0134847,Pitch Black,2000,53187659.0,45MXckqRFUX9fjI1LTgZoF,Deathloop: Pitch Black (Original Trailer Soundtrack),2021,115.0,15,25.0,25,1,203093,3.3848833333333332,{'Sencit'}
tt0396269,Wedding Crashers,2005,288485135.0,62jIW32UHKIixp4jXtWkqB,Wedding Crashers (The Score),2006,112.0,4,1.125,18,16,2106754,35.112566666666666,{'Rolfe Kent'}
tt2180411,Into the Woods,2014,212902372.0,7lWMvhvTB4H9TWZM1IX12Q,Into the Woods (Original Motion Picture Soundtrack/Deluxe Edition),2014,127.0,54,30.42,1521,50,5804742,96.7457,{'Various Artists'}
tt5220122,Hotel Transylvania 3: Summer Vacation,2018,528600000.0,1dKfLTpxDSRukwSGkgGm9J,Hotel Transylvania 3,2018,106.73684210526315,46,49.0,147,3,453028,7.550466666666667,{'Tiësto'}
tt2369135,Need for Speed,2014,203277636.0,1kr2av5qYyYc1dBWlFT4pK,Need for Speed,2014,112.0,16,27.0,27,1,235817,3.930283333333333,{'Tauz'}
tt0163978,The Beach,2000,144056873.0,5df0RX6jsTiMj930bh925t,The Beach Bum (Original Motion Picture Soundtrack),2020,115.0,15,5.0,70,14,3092775,51.54625,{'Various Artists'}
tt0187078,Gone in Sixty Seconds,2000,237202299.0,54r5L8Z1S5cnFXvnTdEefZ,Gone In 60 Seconds (Original Motion Picture Score),2000,99.72727272727272,30,20.533333333333335,308,15,1746795,29.11325,{'Trevor Rabin'}
tt0489270,Saw III,2006,164874275.0,1bchNbqGI54XdAvQZDJvqX,Saw III,2022,100.0,3,9.0,9,1,162272,2.7045333333333335,"{'Kream, Hams Khadir'}"
tt10954600,Ant-Man and the Wasp: Quantumania,2023,476071180.0,523LVgy2uFE1nD4BgTV57I,Ant-Man and The Wasp: Quantumania (Original Motion Picture Soundtrack),2023,120.54838709677419,23,10.045454545454545,221,22,3613887,60.23145,{'Christophe Beck'}
tt0450385,1408,2007,132963417.0,51C0M5HRIAgFyy5UhTEav7,1408 (Original Motion Picture Soundtrack),2007,127.0,8,2.8125,45,16,3388490,56.474833333333336,{'Gabriel Yared'}
tt0370263,AVP: Alien vs. Predator,2004,177427090.0,6vsyc2XUDOiejVBS7GcHXQ,AVP: Alien vs. Predator (Original Motion Picture Soundtrack),2004,127.0,17,8.166666666666666,147,18,2283274,38.054566666666666,{'Harald Kloser'}
tt0325703,Lara Croft: Tomb Raider - The Cradle of Life,2003,160099222.0,6LlBbhZ4Z9YVy3HZo2Zztp,Lara Croft: Tomb Raider - Cradle Of Life [Original Motion Picture Score (Deluxe Edition)],2022,106.35802469135803,12,3.92,98,25,5648403,94.14005,{'Alan Silvestri'}
tt0318627,Resident Evil: Apocalypse,2004,129394835.0,0gMI3Dsv1UMVP2XbhfNXLA,Resident Evil: Apocalypse (Original Motion Picture Score),2004,127.0,15,6.055555555555555,109,18,2386167,39.76945,{'Jeff Danna'}
tt0413099,Evan Almighty,2007,174440724.0,6rGGepeaJSi1hGVnPbpIe2,Evan Almighty (Original Motion Picture Score),2007,127.0,8,3.0,48,16,2937141,48.95235,{'John Debney'}
tt1397514,Journey 2: The Mysterious Island,2012,355692760.0,3K7Ot7I5vV9c6YuqWUarY6,Journey 2: The Mysterious Island (Original Motion Picture Soundtrack),2012,127.0,29,11.15,223,20,3954263,65.90438333333333,{'Andrew Lockington'}
tt6856242,The King's Man,2021,125928656.0,61iloqr9hJ3NxXxvm7h30A,The King's Man (Original Motion Picture Soundtrack),2021,127.0,23,10.5,252,24,4690519,78.17531666666666,"{'Matthew Margeson, Dominic Lewis'}"
tt0989757,Dear John,2010,114977104.0,3iwNGKaoKP5p9JIsHc8TSm,Dear John (Original Motion Picture Soundtrack),2010,127.0,27,14.0,140,10,2166517,36.10861666666667,{'Various Artists'}
tt2234155,The Internship,2013,44000000.0,79tRPUW9WE1zEYOEkDijJb,The Internship,2015,106.0,0,0.0,0,11,2253877,37.564616666666666,"{'Velly Marsh, Alex Salveson'}"
tt2191701,Grown Ups 2,2013,247022278.0,782EBHh3dv1GoJbwTOJTu9,20 Lullabies for Grown Ups,2012,102.0,0,0.0,0,20,3342030,55.7005,{'Paul Carter'}
tt2226417,Insidious: Chapter 2,2013,161000000.0,4b8T8kDkrNJ7GTAw2CqF35,Insidious: Chapter 3 (Original Motion Picture Score),2015,115.73684210526315,9,2.0,44,22,2529081,42.15135,{'joseph bishara'}
tt1646987,Wrath of the Titans,2012,301970083.0,3LNisntgd0P3SlJY0X0RmZ,Wrath Of The Titans (Original Motion Picture Soundtrack),2012,104.41935483870968,13,5.25,84,16,4471447,74.52411666666667,{'Javier Navarrete'}
tt2023587,Mama,2013,146497771.0,4gtiPVvO6NByY0DVWNeano,Nana Mama (Original Motion Picture Soundtrack),2014,127.0,13,9.333333333333334,28,3,717413,11.956883333333334,{'Sachin Sanghavi'}
tt2080374,Steve Jobs,2015,34441873.0,4kDt5YadNve6Oq40IyfFBH,Steve Jobs (Original Motion Picture Soundtrack),2015,127.0,30,16.272727272727273,358,22,4935299,82.25498333333333,{'Daniel Pemberton'}
tt4651520,Bad Moms,2016,183936074.0,2h42F6Mqah0loyoe6SDwtp,Bad Moms (Original Motion Picture Soundtrack),2016,127.0,5,1.8333333333333333,22,12,2893409,48.223483333333334,{'Various Artists'}
tt0384537,Silent Hill,2006,100605135.0,4GCQ8K2rNP5FVYyUz8KBeP,Silent Hill Revelation 3d (Original Motion Picture Soundtrack),2012,115.0,27,15.785714285714286,221,14,3931075,65.51791666666666,"{'Jeff Danna, Akira Yamaoka'}"
tt0463854,28 Weeks Later,2007,65048678.0,0IrODf3XpooNijzqIJq7Mq,28 Weeks Later The Ultimate Fantasy Playlist,2021,100.0,0,0.0,0,14,2790261,46.50435,{'Various Artists'}
tt7040874,A Simple Favor,2018,97644617.0,4mQzmr4YR8yC9xNKjid1rj,A Simple Favor (Original Motion Picture Score),2018,127.0,10,2.3461538461538463,61,26,3789019,63.15031666666667,{'Theodore Shapiro'}
tt4501244,Why Him?,2016,118102725.0,7buV6SU2azwFxmU1dxf6pA,Why Him?,2017,112.0,4,12.0,12,1,294038,4.900633333333333,{'Nieman'}
tt1956620,Sex Tape,2014,126069509.0,2aJjUsUhUPZstbz5LCQm99,Sex Tape,2014,112.0,0,0.0,0,1,255610,4.260166666666667,{'Yung Q'}
tt2170439,Horrible Bosses 2,2014,107670357.0,5822pyvcWLJGONn2X97gCi,Horrible Bosses 2 (Original Motion Picture Soundtrack),2014,127.0,0,0.07142857142857142,1,14,3028462,50.47436666666667,{'Various Artists'}
tt0295701,xXx,2002,277448382.0,4rXNuyvIcMES7TfBIqgr9G,Rolling Stones xXx,2025,100.0,0,0.0,0,1,218906,3.648433333333333,{'Sgari S.A'}
tt0348150,Superman Returns,2006,391081192.0,33Lcyo4XyurjgzdfDIC3kh,Superman Returns Music From The Motion Picture [Digital Version],2006,127.0,41,24.066666666666666,361,15,3308169,55.13615,{'Various Artists'}
tt0160127,Charlie's Angels,2000,264105545.0,3OeMQP4wOCYluTnh8YOJL8,Charlie's Angels - Music From the Motion Picture,2000,127.0,31,9.866666666666667,148,15,3506114,58.435233333333336,{'Various Artists'}
tt10954652,Old,2021,90146510.0,7kkXBo9F0PBrR6s2iNaT1c,Old Henry (Original Motion Picture Soundtrack),2021,127.0,39,15.0,105,7,1467303,24.45505,{'Various Artists'}
tt1386588,The Other Guys,2010,170432927.0,05sN1wO6KLISJFvyH9pO0T,Emma Rowe & The Two Other Guys,2012,106.0,0,0.0,0,6,1595294,26.588233333333335,{'Emma Rowe'}
tt1390411,In the Heart of the Sea,2015,93920758.0,4n5xKXh0OAB6YVZtN9eiV7,Lost in the Echoes of Our Love and Drowning in a Sea of Broken Promises I Left My Heart in a Box of Memories Underneath the Rainy Clouds of Goodbyes and Reminiscence,2023,106.42857142857143,0,0.0,0,1,166357,2.7726166666666665,{'Yduyucare'}
tt2446980,Joy,2015,101134059.0,2hbD87sam8gfHUwH42MoNs,Finding Joy (Original Motion Picture Soundtrack),2015,127.0,0,0.0,0,13,1519110,25.3185,{'Jeff Cardoni'}
tt0357413,Anchorman: The Legend of Ron Burgundy,2004,90574188.0,13cZhKohwvhPrY34nk3qsj,קופידון (Prod. By Triangle),2022,25.0,32,44.0,44,1,163355,2.722583333333333,{'Agam Buhbut'}
tt1267297,Hercules,2014,244819862.0,6VzRCmJct05i7WdqdlVa3z,Hercules (Original Motion Picture Soundtrack),2014,127.0,10,2.8,70,25,3924914,65.41523333333333,"{'Fernando Velázquez, Philharmonia Orchestra'}"
tt1272878,2 Guns,2013,131940411.0,6krSogubOtmfIZ1upCZffF,2 Guns (Original Motion Picture Soundtrack),2012,127.0,6,1.8235294117647058,31,17,2318890,38.64816666666667,{'Clinton Shorter'}
tt3289956,The Autopsy of Jane Doe,2016,6170043.0,75dAMozJScoF3ftt5LxhyO,The Autopsy of Jane Doe (Original Motion Picture Soundtrack),2017,127.0,10,3.4761904761904763,73,21,2272012,37.86686666666667,"{'Danny Bensi, Saunder Jurriaans'}"
tt1911658,Penguins of Madagascar,2014,373552094.0,6B8fUcXJhR57zrOifl2xhN,Penguins of Madagascar (Music from the Motion Picture),2014,127.0,21,9.210526315789474,175,19,3175541,52.92568333333333,{'Lorne Balfe'}
tt2404233,Gods of Egypt,2016,150680864.0,244SukATxd1544LD3lQ1ww,Gods Of Egypt (Original Motion Picture Soundtrack),2016,113.95652173913044,22,7.730769230769231,201,26,4469896,74.49826666666667,{'Marco Beltrami'}
tt4123432,Fantastic Beasts: The Secrets of Dumbledore,2022,406950844.0,0wmxJxhdGo9awyHiM1jRtP,Fantastic Beasts: The Secrets of Dumbledore (Original Motion Picture Soundtrack),2022,127.0,37,19.41025641025641,757,39,6612287,110.20478333333334,{'James Newton Howard'}
tt0259711,Vanilla Sky,2001,203388341.0,5BTAqof8FIlVhXa1JsclU7,Vanilla Sky (Music from the Motion Picture),2001,127.0,25,3.4705882352941178,59,17,4471897,74.53161666666666,{'Various Artists'}
tt1321870,Gangster Squad,2013,105200903.0,1Jr3oH4YaFmP8tfJ8RmEli,Gangster Squad (Original Motion Picture Score),2013,127.0,9,2.7142857142857144,57,21,3373009,56.216816666666666,{'Steve Jablonsky'}
tt0432021,Resident Evil: Extinction,2007,148412065.0,6a9CLtRQIPMuyuQghww2io,Resident Evil: Extinction (Original Motion Picture Score),2007,127.0,21,6.235294117647059,212,34,3855281,64.25468333333333,{'Charlie Clouser'}
tt1411250,Riddick,2013,98337295.0,35FZBa9ZLAcjBcnCwMO59W,The Chronicles Of Riddick (Original Motion Picture Soundtrack),2004,115.0,17,7.363636363636363,162,22,2878888,47.98146666666667,{'Graeme Revell'}
tt0328828,American Wedding,2003,231449203.0,5uNJo0Y1np9glLI428bTIy,American Wedding,2003,112.0,42,12.117647058823529,206,17,3596540,59.94233333333333,{'Various Artists'}
tt0368447,The Village,2004,256697520.0,6e7XNcRbKQTVW9AIQf5Taf,Smurfs: The Lost Village (Original Motion Picture Soundtrack),2017,115.0,28,12.72,318,25,3710756,61.845933333333335,{'Christopher Lennertz'}
tt2557490,A Million Ways to Die in the West,2014,86410000.0,5pL98eHpeq4kz5Hj2ihLdX,A Million Ways to Die in the West,2014,112.0,19,30.0,30,1,148022,2.467033333333333,{'Alan Jackson'}
tt0112281,Ace Ventura: When Nature Calls,1995,212385533.0,6sI5XCRDlDh9TZtkpg9mvJ,Ace Ventura: When Nature Calls (Original Motion Picture Score),2017,115.0,15,5.4,81,15,2816062,46.93436666666667,{'Various Artists'}
tt1496025,Underworld: Awakening,2012,160112671.0,1dwpJ4tmEOtjpzrTq5Q6DD,Underworld: Awakening (Original Motion Picture Soundtrack),2011,127.0,2,2.6666666666666665,8,3,338759,5.645983333333334,{'Paul Haslinger'}
tt0320661,Kingdom of Heaven,2005,218122627.0,3ma0m844SCFpeSFTv7uaKR,Kingdom of Heaven (Original Motion Picture Soundtrack),2005,127.0,45,33.421052631578945,635,19,3712447,61.874116666666666,{'Harry Gregson-Williams'}
tt1517260,The Host,2013,63327201.0,5bnOFySzsPD5QxTAxrepeU,The Host,2013,127.0,0,1.0,3,3,886468,14.774466666666667,{'Answer Code Request'}
tt6772950,Truth or Dare,2018,95330493.0,3WjLlG5FEIJhlUiIfouxbn,Blumhouse's Truth or Dare (Original Motion Picture Soundtrack),2018,127.0,2,0.0,0,14,2356729,39.278816666666664,{'Matthew Margeson'}
tt0118880,Con Air,1997,224012234.0,1wyCH6L34iaN2uhsybbkAF,Con Air Original Soundtrack,1997,127.0,18,7.882352941176471,134,17,2696747,44.94578333333333,{'Various Artists'}
tt1821694,RED 2,2013,148100000.0,4avPjddGI3YttjWwCWIO8J,Red 2 (Original Score),2013,60.33333333333333,8,1.7083333333333333,41,24,3538751,58.97918333333333,{'Alan Silvestri'}
